Record_Type,Record_ID,Actor_or_Title,Location_or_Type,Period_or_Citation,Atomic_Fact_or_Proposition,Status_or_Weight,Evidence_IDs,Authority_IDs,Count_IDs,Predicate_IDs,Liability_IDs,Relief_IDs,Rule_8_Relevance,Rule_9_02_Particularity,Materiality,Duty_or_Special_Circumstance,Mechanism_and_Knowledge,Causal_Nexus,Injury_or_Damage,Public_Benefit,Remedy_or_Measure,Principal_Risk_or_Limitation,Source_URL,Gap_or_Corrective_Action,Verification_Condition,Allocation_Rate,Calculated_Amount,Notes
METADATA,M001,Structural relief minimum,,,"$3.7 billion is a requested conservative equitable minimum floor, not a ceiling or adjudicated award.",Requested,E025,A001; A005; A015; A016,C01; C03; C08,,L06,R02; R03; R04; R05; R06; R07; R08,,,High,,Requested equitable remedy,,Requested structural relief,Broad participant remediation,$3.7 billion minimum; methodology remains open,"Requires authority, proportionality, causal fit, and lawful distribution.",,Build auditable Minnesota-specific quantum model.,"Every dollar traces to source, formula, remedy, and nonduplication rule.",,3700000000,No personal allocation or compensation arrangement is included.
RELIEF,R01,Individual plaintiff relief,,Not percentage-based,"Plaintiff compensatory damages, nonduplicative restitution, declaratory relief, and applicable costs or fees.",Proposed,E025,A001; A005; A015; A016,C01; C02; C04; C05; C06; C07; C08; C09; C10,,L06,R01,,,,,Requested equitable remedy,,,Broad participant benefit,"Plaintiff compensatory damages, nonduplicative restitution, declaratory relief, and applicable costs or fees.",Individual proof and unliquidated-damages pleading rules.,,Individual proof and unliquidated-damages pleading rules.,"Court authorization, allocation controls, and auditability established.",,,
RELIEF,R02,Direct participant remediation,,50%,Court-supervised claims and remediation for eligible similarly affected participants.,Proposed,E025,A001; A005; A015; A016,C01; C03; C08,,L06,R02,,,,,Requested equitable remedy,,,Broad participant benefit,Court-supervised claims and remediation for eligible similarly affected participants.,Requires Rule 23 certification or another lawful representative and distribution mechanism.,,Requires Rule 23 certification or another lawful representative and distribution mechanism.,"Court authorization, allocation controls, and auditability established.",0.5,1850000000,
RELIEF,R03,Corrective notice and consent redesign,,5%,"Public notice, corrected classification, procedure risks, commercial purpose, and participant rights.",Proposed,E025,A001; A005; A015; A016,C01; C03; C08,,L06,R03,,,,,Requested equitable remedy,,,Broad participant benefit,"Public notice, corrected classification, procedure risks, commercial purpose, and participant rights.",Must be narrowly tied to adjudicated deception.,,Must be narrowly tied to adjudicated deception.,"Court authorization, allocation controls, and auditability established.",0.05,185000000,
RELIEF,R04,Longitudinal health study and monitoring,,15%,"Independent longitudinal study, baseline and recovery tracking, and participant-facing trend reporting.",Proposed,E025,A001; A005; A015; A016,C01; C03; C08,,L06,R04,,,,,Requested equitable remedy,,,Broad participant benefit,"Independent longitudinal study, baseline and recovery tracking, and participant-facing trend reporting.","Requires scientific protocol, consent, governance, and privacy safeguards.",,"Requires scientific protocol, consent, governance, and privacy safeguards.","Court authorization, allocation controls, and auditability established.",0.15,555000000,
RELIEF,R05,Independent testing and adverse-event system,,8%,"Independent pathogen testing, adverse-event reporting, and follow-up pathways.",Proposed,E025,A001; A005; A015; A016,C01; C03; C08,,L06,R05,,,,,Requested equitable remedy,,,Broad participant benefit,"Independent pathogen testing, adverse-event reporting, and follow-up pathways.",Needs proof of the gap and a proportionate remedy.,,Needs proof of the gap and a proportionate remedy.,"Court authorization, allocation controls, and auditability established.",0.08,296000000,
RELIEF,R06,Cross-provider deferral and safety infrastructure,,10%,"Interoperable deferral and safety system with privacy, correction, and access rules.",Proposed,E025,A001; A005; A015; A016,C01; C03; C08,,L06,R06,,,,,Requested equitable remedy,,,Broad participant benefit,"Interoperable deferral and safety system with privacy, correction, and access rules.",Must comply with privacy law and avoid unsupported exclusion or blacklisting.,,Must comply with privacy law and avoid unsupported exclusion or blacklisting.,"Court authorization, allocation controls, and auditability established.",0.1,370000000,
RELIEF,R07,"Administration, claims audit, and court oversight",,5%,"Independent administrator, public reports, audit, appeals, and judicial supervision.",Proposed,E025,A001; A005; A015; A016,C01; C03; C08,,L06,R07,,,,,Requested equitable remedy,,,Broad participant benefit,"Independent administrator, public reports, audit, appeals, and judicial supervision.",Administrative cost must be proportionate and transparent.,,Administrative cost must be proportionate and transparent.,"Court authorization, allocation controls, and auditability established.",0.05,185000000,
RELIEF,R08,Participant medical follow-up,,7%,Independent clinical assessment and medically indicated follow-up for eligible participants.,Proposed,E025,A001; A005; A015; A016,C01; C03; C05; C08,,L06,R08,,,,,Requested equitable remedy,,,Broad participant benefit,Independent clinical assessment and medically indicated follow-up for eligible participants.,Eligibility and medical-necessity standards are required.,,Eligibility and medical-necessity standards are required.,"Court authorization, allocation controls, and auditability established.",0.07,259000000,
COUNT,C01,"Minnesota Consumer Fraud Act through Minn. Stat. § 8.31, subd. 3a",Direct actionable count,,Violation of § 325F.69; plaintiff injury; causal nexus; Rule 9.02 particularity for fraud-based conduct; public benefit for fee-shifting and public-facing equitable relief.,Partial,E024,A001; A003; A007; A008; A009; A010; A011; A013,C01,,,,Count architecture,Violation of § 325F.69; plaintiff injury; causal nexus; Rule 9.02 particularity for fraud-based conduct; public benefit for fee-shifting and public-facing equitable relief.,High,,,,,,,Plaintiff damages; equitable relief; costs and fees where authorized.,"Omission theory requires duty/special circumstances; exact materials, dates, and transactions must be particularized.",,"Omission theory requires duty/special circumstances; exact materials, dates, and transactions must be particularized.",All required elements mapped to particularized facts and admissible evidence.,,,
COUNT,C02,False Statement in Advertising under Minn. Stat. § 325F.67 through § 8.31,Direct actionable count,,Public advertisement; materially false statement concerning services or merchandise; intent or tendency to induce reliance; injury and causal nexus; particularity.,Partial,E024,A001; A003; A012,C02,,,,Count architecture,Public advertisement; materially false statement concerning services or merchandise; intent or tendency to induce reliance; injury and causal nexus; particularity.,High,,,,,,,Plaintiff damages and equitable relief under § 8.31.,"Requires exact advertisement, audience, date, medium, and falsity.",,"Requires exact advertisement, audience, date, medium, and falsity.",All required elements mapped to particularized facts and admissible evidence.,,,
COUNT,C03,Uniform Deceptive Trade Practices Act injunction,Direct prospective count,,Deceptive practice listed in § 325D.44; likelihood of future damage; tailored prospective injunction.,Partial,E024,A014; A015,C03,,,,Count architecture,Deceptive practice listed in § 325D.44; likelihood of future damage; tailored prospective injunction.,High,,,,,,,Prospective injunction and related equitable orders.,Does not itself supply compensatory damages; standing requires likely future damage.,,Does not itself supply compensatory damages; standing requires likely future damage.,All required elements mapped to particularized facts and admissible evidence.,,,
COUNT,C04,Common-law fraudulent nondisclosure,Direct tort count,,Existing fact; knowledge; duty to disclose; intentional concealment or nondisclosure; reasonable reliance; causation; damages; Rule 9.02 particularity.,Partial,E024,A003; A010; A011,C04,,,,Count architecture,Existing fact; knowledge; duty to disclose; intentional concealment or nondisclosure; reasonable reliance; causation; damages; Rule 9.02 particularity.,High,,,,,,,Compensatory damages and appropriate equitable relief.,Materiality alone is insufficient; duty and reliance must be pleaded transaction by transaction.,,Materiality alone is insufficient; duty and reliance must be pleaded transaction by transaction.,All required elements mapped to particularized facts and admissible evidence.,,,
COUNT,C05,Negligent nondisclosure / lack of informed consent,Direct medical-negligence count,,Duty; departure from disclosure standard; undisclosed material risk or alternative; objective causation; injury; § 145.682 compliance where expert testimony is required.,Gap,E024,A020; A021; A031; A036,C05,,,,Count architecture,Duty; departure from disclosure standard; undisclosed material risk or alternative; objective causation; injury; § 145.682 compliance where expert testimony is required.,High,,,,,,,Compensatory damages and medically justified monitoring.,Expert-affidavit procedure and proof of actual injury; consent is not automatically invalidated.,,Expert-affidavit procedure and proof of actual injury; consent is not automatically invalidated.,All required elements mapped to particularized facts and admissible evidence.,,,
COUNT,C06,Medical battery,Alternative direct tort count,,"No consent to the procedure's essential nature, or performance of a substantially different procedure; intentional contact; resulting damages.",Contested,E024,A022; A041,C06,,,,Count architecture,"No consent to the procedure's essential nature, or performance of a substantially different procedure; intentional contact; resulting damages.",High,,,,,,,Compensatory or nominal damages where supported.,"When a participant agreed to plasmapheresis, inadequate risk disclosure usually sounds in negligence, not battery.",,"When a participant agreed to plasmapheresis, inadequate risk disclosure usually sounds in negligence, not battery.",All required elements mapped to particularized facts and admissible evidence.,,,
COUNT,C07,Unjust enrichment and restitution,Alternative equitable count,,Defendant knowingly received a benefit from plaintiff; defendant was not entitled to retain it; retention would be unjust.,Contested,E024,A023,C07,,,,Count architecture,Defendant knowingly received a benefit from plaintiff; defendant was not entitled to retain it; retention would be unjust.,High,,,,,,,Restitution measured by unjust benefit; accounting.,Consent/payment terms may constitute an applicable contract; restitution cannot duplicate legal damages.,,Consent/payment terms may constitute an applicable contract; restitution cannot duplicate legal damages.,All required elements mapped to particularized facts and admissible evidence.,,,
COUNT,C08,Declaratory judgment,Direct equitable count,,"Actual present controversy concerning legal classification, duties, and rights; declaration will resolve uncertainty.",Partial,E024,A016; A026; A029; A031; A032; A033,C08,,,,Count architecture,"Actual present controversy concerning legal classification, duties, and rights; declaration will resolve uncertainty.",High,,,,,,,"Declaration concerning classification, consent duties, and legal status.",Cannot be advisory; each declaration must tie to concrete ongoing conduct and parties.,,Cannot be advisory; each declaration must tie to concrete ongoing conduct and parties.,All required elements mapped to particularized facts and admissible evidence.,,,
COUNT,C09,Minnesota Health Records Act,Conditional direct statutory count,,"Covered health record; unauthorized request, access, or release; causation; compensatory loss.",Gap,E024,A028,C09,,,,Count architecture,"Covered health record; unauthorized request, access, or release; causation; compensatory loss.",High,,,,,,,"Compensatory damages, costs, and fees as provided by statute.",No currently identified unauthorized access or disclosure event.,,No currently identified unauthorized access or disclosure event.,All required elements mapped to particularized facts and admissible evidence.,,,
COUNT,C10,Conversion of extracted plasma or associated value,Alternative novel tort count,,Plaintiff property interest; defendant's intentional dominion inconsistent with plaintiff's rights; damages.,Contested,E024,A032,C10,,,,Count architecture,Plaintiff property interest; defendant's intentional dominion inconsistent with plaintiff's rights; damages.,High,,,,,,,Value of property or restitutionary relief.,"Consent to extraction/transfer, compensation, regulation, and ownership doctrine create substantial barriers.",,"Consent to extraction/transfer, compensation, regulation, and ownership doctrine create substantial barriers.",All required elements mapped to particularized facts and admissible evidence.,,,
COUNT,C11,Fraud-by-omission series based on non-actionable regulatory predicates,"Theory series through C01 and C04, not standalone predicate counts",,For each predicate: unlawful/noncompliant fact; knowledge; disclosure duty; materiality; omission; intent; reliance or causal nexus; injury.,Partial,E024,A010; A011; A026; A029; A030; A031; A033; A034; A035,C11,,,,Count architecture,For each predicate: unlawful/noncompliant fact; knowledge; disclosure duty; materiality; omission; intent; reliance or causal nexus; injury.,High,,,,,,,Same remedies available under the actionable fraud count; predicate law does not independently create damages unless stated.,Each predicate must be tied to a duty and particular transaction; violation alone is insufficient.,,Each predicate must be tied to a duty and particular transaction; violation alone is insufficient.,All required elements mapped to particularized facts and admissible evidence.,,,
COUNT,C12,Later motion for punitive damages,"Post-pleading procedure, not initial count",,After commencement: motion to amend; affidavits; prima facie evidence; deliberate-disregard standard.,Procedurally deferred,E024,A024; A025,C12,,,,Count architecture,After commencement: motion to amend; affidavits; prima facie evidence; deliberate-disregard standard.,High,,,,,,,Punitive damages only after judicial permission.,Must not appear as a punitive-damages demand in the initial complaint.,,Must not appear as a punitive-damages demand in the initial complaint.,All required elements mapped to particularized facts and admissible evidence.,,,
PREDICATE,P01,Corporate practice of medicine prohibition,Contested application,"Minn. Stat. § 147.081, subd. 1, as amended effective 2026-08-01",Non-natural persons may not practice medicine if the conduct fits subdivision 3.,Contested application,E018; E024,A026; A027,C08; C11; C01; C04,P01,,,,Predicate-specific facts required,High,Recognized duty must be independently mapped,Regulatory or classification predicate,,,,,Mapped through actionable count,No automatic civil damages count; classification and conduct must fit statutory text.,,No automatic civil damages count; classification and conduct must fit statutory text.,"Duty, knowledge, materiality, causation, and injury independently satisfied.",,,
PREDICATE,P02,Practice-of-medicine definition,Contested application,"Minn. Stat. § 147.081, subd. 3","Theory: invasive extraction, screening, anticoagulant/saline administration, adverse-event response, laboratory review, and immunization evidence medical practice.",Contested application,E018; E024,A026,C08; C11; C01; C04,P02,,,,Predicate-specific facts required,High,Recognized duty must be independently mapped,Regulatory or classification predicate,,,,,Mapped through actionable count,Defendants will argue federally regulated procurement is not diagnosis or treatment.,,Defendants will argue federally regulated procurement is not diagnosis or treatment.,"Duty, knowledge, materiality, causation, and injury independently satisfied.",,,
PREDICATE,P03,Responsible-physician medical supervision,Regulatory predicate,21 C.F.R. § 630.5,Eligibility and collection operate under responsible-physician supervision with permitted delegation.,Regulatory predicate,E018; E024,A029,C11; C01; C04; C08,P03,,,,Predicate-specific facts required,Medium,Recognized duty must be independently mapped,Regulatory or classification predicate,,,,,Mapped through actionable count,Delegation to trained persons is expressly permitted; credential absence alone is not a per se federal violation.,,Delegation to trained persons is expressly permitted; credential absence alone is not a per se federal violation.,"Duty, knowledge, materiality, causation, and injury independently satisfied.",,,
PREDICATE,P04,Health-protective eligibility determination,Regulatory predicate,21 C.F.R. § 630.10,Collection must not proceed when identified factors could adversely affect participant health; risk information and withdrawal opportunity are required.,Regulatory predicate,E018; E024,A030,C11; C01; C04; C05,P04,,,,Predicate-specific facts required,High,Recognized duty must be independently mapped,Regulatory or classification predicate,,,,,Mapped through actionable count,"Requires participant-specific records showing missed factors, inaccurate assessment, or inadequate risk information.",,"Requires participant-specific records showing missed factors, inaccurate assessment, or inadequate risk information.","Duty, knowledge, materiality, causation, and injury independently satisfied.",,,
PREDICATE,P05,Plasmapheresis informed consent,Regulatory predicate,21 C.F.R. § 630.15(b),Initial and periodic informed consent must explain procedure risks and hazards.,Regulatory predicate,E018; E024,A031,C11; C01; C04; C05,P05,,,,Predicate-specific facts required,High,Recognized duty must be independently mapped,Regulatory or classification predicate,,,,,Mapped through actionable count,Requires exact consent versions and dates; federal compliance may rebut state-law allegations.,,Requires exact consent versions and dates; federal compliance may rebut state-law allegations.,"Duty, knowledge, materiality, causation, and injury independently satisfied.",,,
PREDICATE,P06,Periodic protein and immunoglobulin testing,Regulatory predicate,21 C.F.R. § 640.65(b),Periodic testing and review are required; abnormal results can require deferral and physician review.,Regulatory predicate,E018; E024,A033,C11; C01; C04; C05,P06,,,,Predicate-specific facts required,High,Recognized duty must be independently mapped,Regulatory or classification predicate,,,,,Mapped through actionable count,"Requires actual laboratory results, review dates, notices, and reinstatement records.",,"Requires actual laboratory results, review dates, notices, and reinstatement records.","Duty, knowledge, materiality, causation, and injury independently satisfied.",,,
PREDICATE,P07,Collection-frequency limit,Regulatory predicate,21 C.F.R. § 640.65(b)(8),Automated collections must be at least two days apart and no more than twice in seven days.,Regulatory predicate,E018; E024,A033,C11; C01; C04,P07,,,,Predicate-specific facts required,Low,Recognized duty must be independently mapped,Regulatory or classification predicate,,,,,Mapped through actionable count,"Alleged schedules may be within the maximum; the theory concerns inducement, individualized safety, and disclosure.",,"Alleged schedules may be within the maximum; the theory concerns inducement, individualized safety, and disclosure.","Duty, knowledge, materiality, causation, and injury independently satisfied.",,,
PREDICATE,P08,Commercial manufacturing purpose,Regulatory classification fact,21 C.F.R. § 640.60,Source Plasma is collected for further manufacturing use.,Regulatory classification fact,E018; E024,A032,C01; C02; C03; C04; C08; C11,P08,,,,Predicate-specific facts required,High,Recognized duty must be independently mapped,Regulatory or classification predicate,,,,,Mapped through actionable count,Commercial purpose supports materiality but does not itself prove deception if adequately disclosed.,,Commercial purpose supports materiality but does not itself prove deception if adequately disclosed.,"Duty, knowledge, materiality, causation, and injury independently satisfied.",,,
PREDICATE,P09,Specific immunization program,Regulatory predicate,"21 C.F.R. §§ 630.5(c), 640.66","Selection, scheduling, administration, and response evaluation are physician-governed functions in approved programs.",Regulatory predicate,E018; E024,A029; A034,C11; C01; C04; C05; C08,P09,,,,Predicate-specific facts required,High,Recognized duty must be independently mapped,Regulatory or classification predicate,,,,,Mapped through actionable count,"Requires program approval, protocol, antigen records, purpose, and consent.",,"Requires program approval, protocol, antigen records, purpose, and consent.","Duty, knowledge, materiality, causation, and injury independently satisfied.",,,
PREDICATE,P10,Paid-source-plasma quarantine and eligibility history,Regulatory classification fact,21 C.F.R. § 640.69,Paid Source Plasma for injectable manufacturing is subject to testing history and quarantine.,Regulatory classification fact,E018; E024,A035,C01; C02; C04; C08; C11,P10,,,,Predicate-specific facts required,Medium,Recognized duty must be independently mapped,Regulatory or classification predicate,,,,,Mapped through actionable count,"Supports commercial-product chain, not participant injury by itself.",,"Supports commercial-product chain, not participant injury by itself.","Duty, knowledge, materiality, causation, and injury independently satisfied.",,,
PREDICATE,P11,Health-record privacy,Direct action only on covered facts,Minn. Stat. §§ 144.291–144.298,"Unauthorized access, request, or release can create direct liability.",Direct action only on covered facts,E018; E024,A028,C09; C11,P11,,,,Predicate-specific facts required,Low,Recognized duty must be independently mapped,Regulatory or classification predicate,,,,,Mapped through actionable count,No specific unauthorized access or disclosure is currently identified.,,No specific unauthorized access or disclosure is currently identified.,"Duty, knowledge, materiality, causation, and injury independently satisfied.",,,
PREDICATE,P12,Non-actionable-predicate omission framework,Actionable only through fraud elements,Graphic Communications and Klein,"A regulatory violation may serve as an omitted fact only when disclosure duty, knowledge, materiality, causation, and injury are independently pleaded.",Actionable only through fraud elements,E018; E024,A010; A011,C11; C01; C04,P12,,,,Predicate-specific facts required,High,Recognized duty must be independently mapped,Regulatory or classification predicate,,,,,Mapped through actionable count,No categorical presumption eliminates controlling duty-to-disclose requirements.,,No categorical presumption eliminates controlling duty-to-disclose requirements.,"Duty, knowledge, materiality, causation, and injury independently satisfied.",,,
PREDICATE,P13,Source Plasma suitability and examination,Regulatory predicate,21 C.F.R. § 640.63,Source Plasma participants are subject to health-history and physical-examination requirements.,Regulatory predicate,E018; E024,A042,C11; C01; C04; C05; C08,P13,,,,Predicate-specific facts required,Medium,Recognized duty must be independently mapped,Regulatory or classification predicate,,,,,Mapped through actionable count,Requires exact examination records and timing.,,Requires exact examination records and timing.,"Duty, knowledge, materiality, causation, and injury independently satisfied.",,,
FACT,F001,All defendants,Minnesota collection centers,Ongoing,Each defendant operates one or more businesses that obtain human plasma through compensated plasmapheresis.,Partial,E001; E017,A001; A008; A013; A032,C01; C02; C03; C04; C07; C08,P08,L01; L02; L07,R01; R02; R03,"Establishes actors, transactions, and challenged conduct","Exact corporate entity, operating period, and center identifier remain required",High,Operational and product-chain facts are controlled by defendants,Commercial-procurement transaction | Corporate knowledge is inferable from standardized operations,Recruitment and compensation cause participation in the transaction,Procedure exposure and alleged economic/medical injuries,Standardized public recruitment,,,,"Verify legal names, assumed names, FDA identifiers, registered agents, and operating dates.",,,,Allegation / public business fact
FACT,F002,All defendants,Each center,Each visit,"The procedure removes blood through venipuncture, separates plasma from formed elements, and returns at least red blood cells to the participant.",Partial,E001; E018,A031; A033,C01; C04; C05; C06; C08; C11,P02; P03; P05,L01; L03; L05,R01; R03; R05,Defines the challenged procedure,"Visit dates, device model, and procedure record are needed",High,Procedure facts are uniquely controlled by defendants,Medical-procedure character | Knowledge established by SOPs and federal licensing,The procedure is the physical event caused by participation,"Physical contact, extraction, anticoagulant exposure, and return cycle",Same procedure used broadly,,,,"Obtain each provider's SOP, device model, anticoagulant protocol, and visit records.",,,,Regulatory fact / allegation
FACT,F003,All defendants,Manufacturing chain,Ongoing,The federally defined product obtained through the procedure is Source Plasma intended for further manufacturing use.,Authority-supported,E019,A032; A035,C01; C02; C03; C04; C08; C11,P08; P10,L01; L02; L04,R01; R03; R06,Establishes product purpose and commercial character,Sufficient as a regulatory proposition; provider-specific disposition remains needed,High,Defendants possess downstream-use information,Commercial product classification | Knowledge is inherent in the licensed business model,Product purpose is alleged to affect consent and compensation expectations,Economic and consent-related injury alleged,Uniform product classification,,,,"Tie each defendant and center to its FDA registration, license, product category, and actual disposition records.",,,,Regulatory fact
FACT,F004,All defendants,Participant payment systems,Each completed visit,Each defendant pays compensation contingent on completion of a plasma-extraction session.,Partial,E002,A007; A008; A013,C01; C02; C03; C04; C07,P08,L01; L02; L07,R01; R02,Establishes a commercial exchange,Transaction-level amount and date required,High,Defendants control payment terms,Compensated procurement | Knowledge is direct,Payment materially induces participation,Economic reliance and repeated procedure exposure,Publicly offered compensation,,,,Export complete payment histories and promotional terms for every provider.,,,,Transactional allegation
FACT,F005,All defendants,Advertising and center communications,Ongoing,"Participant-facing communications allegedly emphasize donation, helping patients, or saving lives while minimizing commercial procurement and manufacturing.",Gap,E003; E004,A003; A008; A012; A013,C01; C02; C03; C04,P08; P12,L01; L02,R01; R03; R06,Supports deceptive-practice and public-benefit theories,"Exact words, date, medium, speaker, and audience are required",High,Defendants know their product chain and communication content,Affirmative framing plus omission | Intent to induce may be inferred only after exact materials are identified,Allegedly changes the decision to participate or expected compensation,"Consent, economic, and procedure-exposure injuries",Communications are directed to the public,,,,"Preserve exact advertisements, screenshots, forms, scripts, dates, speakers, and audiences.",,,,Alleged standardized communication
FACT,F006,All defendants,Payment programs,Weekly cycles,Compensation schedules allegedly pay more for a second extraction in a weekly cycle than for the first.,Partial,E002; E004,A009; A013; A030; A031,C01; C02; C03; C04,P04; P05; P07; P12,L01; L02,R01; R03,Supports inducement and frequency theory,"Provider-specific dates, amounts, and conditions are required",High,Defendants design and control the schedule,Economic inducement combined with risk omissions | Intent to increase completed procedures is inferable from design,Higher second-session payment allegedly causes additional participation,Additional procedure exposure and related injury,Standardized offer to participant population,,,,"Collect historical compensation schedules, offer metadata, and plaintiff transaction records.",,,,Transactional allegation
FACT,F007,All defendants,Promotional programs,Promotional periods,New-participant and return-participant bonuses allegedly require multiple procedures within a defined period to obtain the advertised total.,Gap,E002; E004,A008; A012; A013,C01; C02; C03; C04,P04; P05; P07; P12,L01; L02,R01; R03,"Supports advertising, inducement, and repeated-exposure theory","Exact offer, expiration, payout curve, and completion conditions are required",High,Defendants control the offer terms,Affirmative offer plus incomplete cumulative-risk disclosure | Intent to induce repeated transactions is inferable from the offer structure,Participants allegedly increase frequency to complete the sequence,Repeated procedure exposure and economic reliance,Mass standardized offers,,,,Preserve every original offer and map each payout to each completed visit.,,,,Advertising / transactional allegation
FACT,F008,All defendants,Promotional programs,Promotional periods,Some programs allegedly use prize drawings or variable rewards to encourage additional participation.,Gap,E004,A012; A013,C01; C02; C03; C04,P04; P05; P12,L01; L02,R01; R03,Supports unfair-practice and inducement theory,"Official rules, dates, eligibility, and plaintiff exposure are required",Medium,Defendants control program mechanics,Affirmative promotion plus incomplete risk disclosure | Intent to increase participation is inferable from program design,Allegedly contributes to repeat participation,Economic reliance and additional exposure,Public-facing program,,,,"Obtain official rules, messages, dates, and proof of plaintiff receipt or participation.",,,,Advertising allegation
FACT,F009,All defendants,Consent process,Initial and periodic,Participants complete or acknowledge consent and eligibility materials before extraction.,Partial,E003; E020,A030; A031; A036,C01; C04; C05; C06; C08; C11,P04; P05,L01; L03; L05,R01; R03; R06,Establishes the consent transaction,"Actual versions, signatures, dates, and delegate identity are required",High,Defendants control form content and retention,Consent process | Knowledge of the form content is direct,Acknowledgement is a prerequisite to procedure completion,Consent-related and physical injuries,Standard forms used broadly,,,,"Collect every signed form, version identifier, video, interview record, and annual re-consent record.",,,,Regulatory fact / allegation
FACT,F010,All defendants,Consent and recruitment,Initial and periodic,Consent and recruitment materials allegedly classify the transaction as donation rather than clearly identifying a compensated commercial plasmapheresis medical practice.,Gap,E003,A010; A011; A029; A031; A032,C01; C02; C03; C04; C05; C08; C11,P02; P03; P05; P08; P12,L01; L02; L03,R01; R03; R06,States the central deception theory,"Exact words, context, date, document version, and speaker are required",High,"Defendants know the procedure, supervision, screening, and product rules","Classification and pure omission | Knowledge is inferable from licensing, SOPs, and physician supervision",Allegedly changes willingness to consent and demanded safeguards,Consent and procedure-exposure injury,Uniform participant-facing practice alleged,,,,"Quote the exact participant-facing language and identify provider, date, medium, speaker, and form version.",,,,Alleged classification / omission
FACT,F011,All defendants,Consent and recruitment,Before extraction,Participants allegedly are not told that the collected product is Source Plasma intended for further manufacturing use.,Partial,E003; E019,A010; A011; A032; A035,C01; C04; C08; C11,P08; P10; P12,L01; L04,R01; R03; R06,Supports a material omission theory,Actual disclosure content and transaction dates are required,High,Special knowledge of the product chain and downstream purpose,Special-knowledge omission | Knowledge is inherent in operations,Allegedly affects consent and compensation decisions,Economic and consent-related injury,Common omission alleged across the market,,,,"Compare exact disclosures with FDA records, product disposition, and contracts.",,,,Alleged pure omission
FACT,F012,All defendants,Consent and recruitment,Before extraction,Participants allegedly are not given complete information about downstream product categories or defendants' economic use of extracted plasma.,Gap,E003; E012; E019,A010; A011; A023; A032,C01; C04; C07; C10; C11,P08; P10; P12,L01; L04; L07,R01; R02; R06,Supports materiality and restitution theories,"Actual value, access, and disclosure proof are required",Medium,Special inaccessible knowledge of downstream use,Special-knowledge omission | Knowledge is direct; intent is inferential,Allegedly affects participation and compensation expectations,Economic injury and restitution theory,Standardized information asymmetry,,,,"Obtain product categories, contracts or public filings, Minnesota-specific values, and exact disclosures.",,,,Alleged pure omission
FACT,F013,All defendants,Consent and education,Before repeated participation,"Participants allegedly are not given a complete description of cumulative protein, immunoglobulin, ferritin, and hemoglobin effects associated with repeated high-frequency plasmapheresis.",Partial,E003; E021,A010; A011; A030; A031; A037; A038; A039; A040,C01; C04; C05; C11,P04; P05; P06; P12,L01; L03,R01; R03; R04; R08,Supports material-risk and informed-consent allegations,Exact disclosures and a provider-knowledge timeline are required,High,Consent duty and special knowledge of safety materials and participant trends,"Risk omission | Knowledge requires literature, internal safety review, and SOP evidence",Allegedly changes whether and how often a reasonable participant proceeds,Biomarker depletion and related health risk,Mass repeated-participation model,,,,Obtain each consent version and knowledge timeline; state study findings and limitations precisely.,,,,Alleged omission supported by research
FACT,F014,All defendants,Longitudinal records systems,Across repeated visits,"Participants allegedly are not provided individualized longitudinal baselines, recovery-time analysis, or cumulative stopping criteria.",Partial,E003; E005; E023,A030; A031; A033; A037; A038,C01; C04; C05; C08; C11,P04; P05; P06; P12,L01; L03,R01; R03; R04; R08,"Supports monitoring, consent, and equitable-relief theories","Actual algorithms, thresholds, notices, and records are required",High,Defendants control longitudinal data and criteria,Special-knowledge omission | Knowledge is inferable from record systems and federal testing duties,Allegedly affects continued consent and frequency,Risk of continued participation despite downward trends,System-level issue alleged,,,,"Obtain longitudinal tables, algorithms, thresholds, notices, deferral criteria, and reinstatement criteria.",,,,Alleged omission / program-design fact
FACT,F015,All defendants,Across competing providers,Ongoing,Deferral and laboratory information allegedly is not interoperably shared among competing providers.,Gap,E006; E022,A030; A033; A038,C01; C03; C04; C08; C11,P04; P06; P12,L01; L03,R01; R04; R06; R08,Supports structural-risk and remedy theory,"Actual registry participation, data fields, and sharing rules are required",High,Each provider knows its own records and system capabilities,Omission of system limitations and cross-provider risk | Knowledge requires policies and vendor evidence,Allegedly allows continued extraction at another provider,Potential repeated extraction despite a provider-specific deferral,Market-wide system issue,,,,"Identify deferral registries, vendors, shared fields, legal constraints, and plaintiff's provider sequence.",,,,Systems allegation
FACT,F016,All defendants,Across competing providers,Ongoing,The same participant may receive different low-protein or reinstatement determinations from different providers using different records or thresholds.,Gap,E005; E006,A030; A033,C01; C03; C04; C05; C08; C11,P04; P06; P12,L01; L03,R01; R04; R06; R08,Supports monitoring and classification allegations,"Comparable laboratory values, dates, and policies are required",High,Providers possess their criteria and results,Special-knowledge omission concerning inconsistency | Knowledge is direct as to each provider's criteria,Allegedly affects decisions to continue or switch providers,Health risk and economic reliance,Potentially recurring market-wide,,,,"Obtain synchronized results, thresholds, deferral codes, and reinstatement policies.",,,,Systems allegation
FACT,F017,Federal regulatory framework,All centers,Each visit,Federal rules permit trained personnel to perform many collection activities under responsible-physician supervision.,Authority-supported,E018,A029,C08; C11,P03,L08,R06,Prevents overstatement of staffing theory,Sufficient as a regulatory proposition,Medium,Not an omission fact,Limiting fact | Not applicable,Limits any per se staffing theory,No independent injury,Industry-wide rule,,,,Do not plead lack of a state phlebotomy credential as a per se federal violation without a specific applicable rule.,,,,Limiting regulatory fact
FACT,F018,All defendants,Centers,Ongoing,Defendants allegedly use throughput expectations or productivity pressure that can conflict with individualized safety decisions.,Gap,E008; E009,A024; A025; A029; A030,C01; C04; C05; C11; C12,P03; P04; P05; P12,L01; L03; L09,R01; R03; R08,Supports knowledge and practice-pattern theory,"Policies, metrics, witnesses, and incident links are required",Medium,Management controls performance systems,Omission of operational incentives and potential negligent practice | Knowledge requires documents or testimony,Pressure allegedly contributes to continuation or incomplete disclosure,Procedure and safety injury,Potential standardized policy,,,,"Obtain performance metrics, disciplinary policies, staffing levels, and witness testimony.",,,,Operational allegation
FACT,F019,All defendants,Records systems,Across repeated visits,"Defendants allegedly do not provide a transparent consolidated record of all protein, immunoglobulin, and related laboratory trends.",Gap,E005; E023,A010; A011; A030; A033; A038,C01; C03; C04; C05; C08; C11,P04; P05; P06; P12,L01; L03,R01; R04; R06; R08,"Supports consent, special-knowledge, and structural relief",Actual portal and disclosure practices are required,High,Defendants possess longitudinal data,Special-knowledge omission | Knowledge is direct,Allegedly prevents informed decisions about continuation,Consent and health-risk injury,System-level practice alleged,,,,"Preserve portal screens, notices, requests, and complete records.",,,,Records-transparency allegation
FACT,F020,All defendants,Centers,Before and after extraction,"Participants allegedly are not given clear adverse-event reporting pathways, independent follow-up, or criteria for post-procedure medical evaluation.",Gap,E003; E009,A029; A030; A031,C01; C03; C04; C05; C08; C11,P03; P04; P05; P12,L01; L03,R01; R03; R05; R08,Supports risk-disclosure and injunctive theories,Exact instructions and adverse-event history are required,Medium,Defendants control aftercare systems,Procedure-risk omission | Knowledge is inferable from SOPs,Allegedly affects response to symptoms and continued participation,Potential delayed care and continued exposure,Standardized aftercare practice alleged,,,,"Obtain aftercare sheets, emergency SOPs, adverse-event logs, and participant notices.",,,,Aftercare allegation
FACT,F021,Scientific literature,Study population,2025,A randomized trial found larger reductions in multiple protein and blood biomarkers at higher plasmapheresis frequency.,Authority-supported,E021,A037,C01; C04; C05; C11,P04; P05; P06; P12,L03,R03; R04,Supports plausibility and materiality,Sufficient as the cited study's proposition,High,Not proof of provider knowledge without a timeline,Risk-materiality support | Provider knowledge requires separate proof,Supports reasonable-person materiality,Measured biomarker changes; long-term clinical significance remains unresolved,Relevant to frequent participants generally,,,,Use accurately and do not state that the study proves serious long-term clinical injury.,,,,Scientific evidence
FACT,F022,Scientific literature,Study population,2025,The randomized trial reported that several measured biomarkers required more than four weeks to return to baseline after the final procedure.,Authority-supported,E021,A037,C01; C04; C05; C11,P04; P05; P06; P12,L03,R03; R04,Supports recovery-time materiality,Sufficient as the cited study's proposition,High,Not provider-specific knowledge by itself,Risk-materiality support | Provider knowledge requires separate proof,Supports frequency and recovery disclosure materiality,Potential incomplete recovery between procedures,Relevant to frequent participants,,,,Tie the study to provider schedules through records and expert evidence.,,,,Scientific evidence
FACT,F023,Scientific literature,Large observational dataset,2024,"An observational cohort described participant-specific IgG set points, lower IgG with repeated procedures, and recovery toward baseline over time.",Authority-supported,E021,A038,C01; C04; C05; C11,P04; P05; P06; P12,L03,R03; R04,Supports individualized monitoring theory,Sufficient as the cited study's proposition,High,Not direct proof of each provider's breach,Risk-materiality and monitoring support | Provider knowledge requires separate proof,Supports individualized-baseline significance,Potential immunoglobulin depletion,Relevant to repeated participants,,,,Use study limitations and population details in the causation and materiality analysis.,,,,Scientific evidence
FACT,F024,Scientific literature,Study population,2010,"A study of pooled plasma reported lower total protein, albumin, IgG, and IgM in paid high-frequency United States Source Plasma pools than comparator pools.",Authority-supported,E021,A039,C01; C04; C05; C11,P04; P05; P06; P12,L03,R03; R04,Supports biological plausibility,Sufficient as the cited study's proposition,Medium,Does not prove individual injury,Materiality support | Provider knowledge requires separate proof,Supports a reasonable concern about repeated extraction,No direct individual damage measure,Market-level evidence,,,,Do not convert pooled-product findings into an unsupported individual diagnosis.,,,,Scientific evidence
FACT,F025,Scientific literature,Multicenter study,2022/2023,A prospective multicenter study reported no increased severe adverse-event or infection rate among participants with repeated low IgG measurements.,Contrary evidence,E021,A040,C01; C04; C05; C11,P04; P05; P06; P12,L08,R04; R06,Limits categorical clinical-injury claims,Sufficient as the cited study's proposition,High,Not an omission fact,Contrary evidence | Not applicable,Limits the inference from low IgG to serious clinical injury,No increased severe-event rate reported,Relevant to frequent participants,,,,"Address study design, endpoints, sponsorship, and the difference between biomarker change and clinical outcome.",,,,Contrary scientific evidence
FACT,F026,Federal regulatory framework,All centers,Before each collection,A center must determine that the participant is eligible and that no identified factor will cause the procedure to adversely affect participant health.,Authority-supported,E018,A030,C01; C04; C05; C08; C11,P04,L01; L03,R01; R03; R08,Supports duty and predicate theories,Sufficient as a legal proposition; event-specific records remain needed,High,Defendants possess assessment records,Regulatory duty and omission theory | Knowledge is direct through records,An improper eligibility decision can cause procedure exposure,Physical and health-related injury,Uniform rule,,,,"Map each challenged collection to vitals, history, labs, deferral records, and decisionmaker.",,,,Regulatory fact
FACT,F027,Federal regulatory framework,All centers,Initial and periodic,The responsible physician must obtain plasmapheresis informed consent and explain procedure risks and hazards at required intervals.,Authority-supported,E018; E020,A031; A036,C01; C04; C05; C08; C11,P05,L01; L03,R01; R03; R06,Supports duty and predicate theories,Sufficient as a legal proposition; actual consent records remain needed,High,Defendants control the consent process,Consent duty and omission theory | Knowledge is direct,Inadequate disclosure allegedly causes participation,Consent and procedure injuries,Uniform rule,,,,"Identify consent date, signer, delegate authority, exact risk explanation, and form version.",,,,Regulatory fact
FACT,F028,Federal regulatory framework,All centers,At prescribed intervals,The responsible physician must obtain and review periodic laboratory testing including total protein and immunoglobulin composition.,Authority-supported,E018; E023,A033,C01; C04; C05; C08; C11,P06,L01; L03,R01; R04; R08,Supports monitoring predicate,Sufficient as a legal proposition; actual records remain needed,High,Defendants control records,Regulatory duty and omission theory | Knowledge is direct,Missed or obscured trends allegedly cause continued participation,Health-risk and consent injury,Uniform rule,,,,"Audit every test date, result, reviewer, notice, deferral, and reinstatement.",,,,Regulatory fact
FACT,F029,Federal regulatory framework,All centers,Ongoing,Automated plasmapheresis may not occur less than two days apart or more than twice in a seven-day period.,Authority-supported,E018,A033,C01; C03; C04; C05; C11,P07,L08,R03; R04; R06,Defines a maximum rather than a guaranteed safe frequency for every person,Sufficient as a legal proposition,Medium,Not a disclosure fact by itself,Frequency-limit context | Knowledge is direct,Alleged inducement operates near the permitted maximum,Repeated exposure,Uniform rule,,,,Do not allege a frequency violation without date-level proof; focus on individualized safety and disclosure.,,,,Limiting regulatory fact
FACT,F030,Federal regulatory framework,Commercial manufacturing chain,After collection,Paid Source Plasma intended for injectable manufacturing is subject to testing-history conditions and a minimum 60-day quarantine.,Authority-supported,E019,A035,C01; C02; C04; C08; C11,P08; P10,L01; L04,R01; R03; R06,Supports commercial-character and product-chain theory,Sufficient as a legal proposition; actual product stream remains needed,Medium,Defendants possess downstream records,Commercial product classification | Knowledge is inherent in operations,Allegedly material to the participant's understanding,Economic and consent-related injury,Industry-wide rule,,,,Obtain product-disposition records and determine which units or categories were subject to the rule.,,,,Regulatory fact
FACT,F031,All defendants,Minnesota,After 2026-08-01,"Minnesota law states that a non-natural person may not practice medicine as defined in Minn. Stat. § 147.081, subdivision 3.",Contested,E024,A026; A027,C01; C04; C08; C11,P01; P02; P12,L01; L04; L08,R01; R03; R06,Supports declaratory and predicate theories,The statutory proposition is definite; factual application is contested,High,Defendants know their corporate form and operations,Allegedly unlawful-character omission | Knowledge of operations is direct; legal application is contested,Allegedly unlawful character is material to consent,Consent and statutory-protection injury theory,Applies to corporate operators,,,,Separate pre-effective-date from post-effective-date conduct and map each alleged act to subdivision 3.,,,,Current statutory fact
FACT,F032,All defendants,Minnesota,All relevant periods,Whether compensated Source Plasma collection constitutes the Minnesota statutory practice of medicine is not resolved by the statutory text alone.,Contested,E024,A016; A026; A029; A031; A033,C08; C11; C01; C04,P01; P02,L08,R06,Defines a core litigation risk,Sufficient as a legal uncertainty,High,Not a disclosure fact by itself,Contested classification | Not applicable,A declaration requires a concrete controversy,No independent injury,System-wide legal question,,,,"Plead invasive conduct, screening, drug administration, laboratory review, physician supervision, and immunization; do not rely on labels alone.",,,,Legal uncertainty
FACT,F033,All defendants,Consent and collection,At pleading,"A pure omission theory does not require a separate affirmative representation, but every omission must be tied to a recognized disclosure duty and pleaded with particularity.",Authority-supported,E024,A003; A010; A011,C01; C04; C11,P12,L08,R06,Prevents legally insufficient formulation,Sufficient as a legal proposition,High,"Consent duty, special knowledge, or another recognized circumstance must be mapped",Pure omission | Intent may be pleaded generally,Causation remains required,No independent injury,Applies across claims,,,,"Map each omitted fact to its duty, transaction, knowledge basis, materiality, causal nexus, and injury.",,,,Controlling legal qualification
FACT,F034,"BioLife Plasma Services, L.P.","Sun Ray Shopping Center, St. Paul",Plaintiff participation period,BioLife allegedly offered approximately $45 for the first weekly procedure and $75 for the second.,Gap,E002; E016,A003; A012; A013,C01; C02; C03; C04,P04; P05; P07; P12,L01; L02,R01; R03,Supports inducement and damages narrative,"Exact dates, amounts, offer version, and completed visits are required",High,BioLife controls payment history,Affirmative payment term combined with omission theory | Intent is inferable from program design,Allegedly induced the second weekly procedure,Economic reliance and additional procedure exposure,Offer made to participant population,,,,"Export the payment ledger, app offers, promotion terms, and visit dates.",,,,Plaintiff-reported transaction
FACT,F035,"BioLife Plasma Services, L.P.","Sun Ray Shopping Center, St. Paul",Return promotion period,BioLife allegedly offered a return-participant promotion of up to approximately $700 for completing eight procedures.,Gap,E002; E004; E016,A003; A008; A012; A013,C01; C02; C03; C04,P04; P05; P07; P12,L01; L02,R01; R03,Supports advertising and repeated-participation theory,"Exact offer, conditions, eligibility, and completion record are required",High,BioLife controls promotion terms,Affirmative offer plus omission of cumulative-risk implications | Intent to increase completed procedures is inferable,Allegedly induced repeat participation,Economic reliance and repeated exposure,Standardized promotion,,,,"Preserve the original promotion, payout schedule, eligibility rules, messages, and completion record.",,,,Plaintiff-reported promotion
FACT,F036,"BioLife Plasma Services, L.P.","Sun Ray Shopping Center, St. Paul",One identified procedure,The automated collection device allegedly stopped three times during a BioLife procedure.,Gap,E007,A003; A029; A030; A031,C01; C04; C05; C06; C11,P03; P04; P05,L01; L03; L05,R01; R03; R08,Supports an incident-specific safety inquiry,"Exact date, machine, alarm codes, and logs are required",High,BioLife possesses machine and incident records,Incident fact | On-site knowledge is direct,Relevant to whether the procedure should continue,Physical risk and distress,Systemic significance requires policy evidence,,,,"Obtain machine logs, alarm codes, staff names, incident report, and medical review.",,,,Plaintiff observation
FACT,F037,"BioLife Plasma Services, L.P.","Sun Ray Shopping Center, St. Paul",Same procedure,BioLife staff allegedly continued the procedure after the three device stops.,Gap,E007,A003; A024; A025; A029; A030,C01; C04; C05; C06; C11; C12,P03; P04; P05; P12,L01; L03; L05; L09,R01; R03; R08,"Supports breach, knowledge, and causation theories","Exact sequence, instructions, and clinical significance are required",High,On-site staff knew the stops occurred,Potential negligent continuation and incomplete incident disclosure | Knowledge is direct; deliberate disregard requires additional proof,Plaintiff alleges disclosure would have caused withdrawal,Physical risk and continued contact,Individual incident,,,,"Establish whether continuation violated SOP, required medical review, or materially differed from consent.",,,,Plaintiff observation
FACT,F038,"BioLife Plasma Services, L.P.","Sun Ray Shopping Center, St. Paul",Plaintiff participation period,BioLife staff allegedly used a standardized 'larger bottle' explanation concerning collection volume.,Gap,E003; E016,A003; A010; A011; A013,C01; C02; C04,P05; P12,L01; L02,R01; R03,Supports a communication-specific theory,"Exact words, context, speaker, date, approved volume, and script evidence are required",Medium,BioLife controls scripts and training,Potentially misleading partial explanation | Intent requires script or repeated-practice evidence,Allegedly affected understanding of extraction volume,Consent-related injury,Systemic only if standardized,,,,"Identify speaker, exact statement, actual collection volume, and script or training materials.",,,,Plaintiff-reported statement
FACT,F039,"Talecris Plasma Resources, Inc. d/b/a Grifols Plasma","1910 Suburban Ave., St. Paul",Prior participation period,Grifols/Talecris allegedly deferred plaintiff for low protein for more than one year.,Partial,E005; E006; E015,A030; A031; A033; A037; A038,C01; C04; C05; C08; C11,P04; P05; P06; P12,L01; L03,R01; R04; R08,"Supports injury, monitoring, and knowledge","Exact results, dates, criteria, and causal alternatives are required",High,Provider possesses the results and decision basis,Monitoring and omission theory | Knowledge is direct through laboratory records,Deferral demonstrates a material consequence after participation,"Lost compensation, health concern, and alleged biomarker depletion",Potentially common but plaintiff-specific proof,,,,"Obtain all protein, IgG, electrophoresis, deferral, counseling, and reinstatement records.",,,,Plaintiff-reported deferral
FACT,F040,"Talecris Plasma Resources, Inc. d/b/a Grifols Plasma","1910 Suburban Ave., St. Paul",At deferral,Staff allegedly framed the low-protein result primarily as a dietary issue without explaining extraction frequency or cumulative depletion.,Gap,E003; E006; E015,A003; A010; A011; A013; A037,C01; C02; C04; C05; C11,P04; P05; P06; P12,L01; L02; L03,R01; R03; R04,Supports a misleading-partial-statement and omission theory,"Exact words, chart note, staff identity, and trend data are required",High,Provider knew plaintiff's collection history and laboratory trend,Partial statement requiring completion; special-knowledge omission | Knowledge is direct; intent requires additional evidence,Allegedly affected understanding and future participation,"Consent, health, and economic injury",Systemic only if standardized counseling is shown,,,,"Obtain the counseling note, diet material, staff identity, collection history, and trend data.",,,,Plaintiff-reported statement and omission
FACT,F041,"Octapharma Plasma, Inc.","1731 Beam Ave., Suite A, Maplewood",One identified sampling event,Octapharma staff allegedly identified a 17-gauge needle as the needle used for a two-vial venous sample.,Gap,E014,A003; A029; A031,C01; C04; C05; C06; C11,P03; P04; P05,L01; L03; L05,R01; R03,Supports a procedure-specific factual allegation,"Exact device, order, staff identity, and record are required",Medium,Provider controls supplies and protocol,Procedure-specific contact and possible omission of alternatives | Knowledge is direct to staff,Allegedly material to consent to sample collection,"Pain, bruising, and physical contact if proven",Individual event; systemic only with inventory or policy proof,,,,"Obtain the supply record, protocol, staff identity, sample order, and venipuncture record.",,,,Plaintiff observation
FACT,F042,"Octapharma Plasma, Inc.","1731 Beam Ave., Suite A, Maplewood",Same sampling event,Octapharma staff allegedly stated or demonstrated that no alternative needle size was stocked for the sample.,Gap,E014,A003; A011; A029; A031,C01; C04; C05; C06; C11,P03; P05; P12,L01; L03; L05,R01; R03,Supports choice and consent theory,"Exact words, inventory proof, and protocol are required",Medium,Provider controls inventory,Omission of alternatives or necessity | Knowledge is direct,Allegedly affected willingness to undergo venipuncture,Physical and consent-related injury,Systemic only if policy is shown,,,,"Obtain inventory, purchasing records, protocol, and statement details.",,,,Plaintiff observation
FACT,F043,"Octapharma Plasma, Inc.","1731 Beam Ave., Suite A, Maplewood",Plaintiff participation period,Octapharma allegedly obtained blood samples or panels more frequently than the federal minimum interval.,Gap,E014; E023,A003; A031; A033,C01; C04; C05; C06; C11,P05; P06; P12,L01; L03; L05,R01; R03; R04,Establishes additional procedures and records,"Actual test orders, dates, panels, and purposes are required",Medium,Provider controls orders and results,"Potential omission of purpose, scope, and frequency | Knowledge is direct",Allegedly affects consent to each sample,"Physical contact, time, and potential economic effect",Systemic only if a policy is shown,,,,"Obtain every laboratory order, sample date, panel, result, and stated purpose.",,,,Plaintiff-reported practice
FACT,F044,"Octapharma Plasma, Inc.","1731 Beam Ave., Suite A, Maplewood",Later participation period,Octapharma allegedly later deferred plaintiff after repeated participation and testing.,Gap,E006; E014,A030; A031; A033,C01; C04; C05; C08; C11,P04; P05; P06; P12,L01; L03,R01; R04; R08,Supports injury and monitoring narrative,"Deferral notice, result, duration, and criteria are required",High,Provider possesses the exact result and reason,Omission of trend and stopping criteria | Knowledge is direct,Deferral allegedly confirms materiality of undisclosed trends,Lost compensation and health concern,Potentially common but plaintiff-specific proof,,,,"Obtain the deferral notice, reason, result, duration, reviewer, and reinstatement criteria.",,,,Plaintiff-reported deferral
FACT,F045,CSL Plasma Inc.,"572 University Ave. W., St. Paul",Tetanus-program period,CSL allegedly enrolled plaintiff in a two-session tetanus immunization-related program.,Gap,E013,A003; A029; A031; A034,C01; C02; C04; C05; C06; C08; C11,P09; P12,L01; L02; L03; L05,R01; R03; R06,Supports program-specific classification and consent theories,"Program records, approval, protocol, and dates are required",High,CSL controls the program protocol and purpose,Program-specific medical procedure | Knowledge is direct,Allegedly caused immunization and later collection,"Injection, extraction, and consent injury",Potential program-wide issue,,,,"Obtain immunization consent, antigen lot, physician approval, program protocol, and collection records.",,,,Plaintiff-reported program fact
FACT,F046,CSL Plasma Inc.,"572 University Ave. W., St. Paul",Same program,CSL allegedly paid approximately five dollars in additional compensation associated with the tetanus program.,Gap,E002; E013,A003; A012; A013,C01; C02; C04; C07,P08; P09; P12,L01; L02; L07,R01; R02; R03,Supports commercial inducement,"Ledger, date, and written program terms are required",Medium,CSL controls compensation records,Affirmative payment term plus omission theory | Intent is inferable from program design,Allegedly induced participation,Economic reliance and procedure exposure,Program-wide if standardized,,,,Obtain the payment ledger and written program terms.,,,,Plaintiff-reported transaction
FACT,F047,CSL Plasma Inc.,"572 University Ave. W., St. Paul",Before immunization and extraction,CSL allegedly did not disclose that the immunization was intended to create high-titer or hyperimmune plasma for a specialized commercial product.,Gap,E003; E013; E019,A010; A011; A029; A034,C01; C04; C05; C08; C11,P08; P09; P12,L01; L03; L04,R01; R03; R06,Supports a material omission and program-specific duty,"Protocol, consent, product category, and exact disclosures are required",High,CSL has exclusive knowledge of the program purpose,Special-knowledge and informed-consent omission | Knowledge is direct,Allegedly would alter consent or compensation demand,"Consent, physical, and economic injury",Program-wide issue if standard materials were used,,,,"Obtain the program purpose, product destination, consent text, and participant education.",,,,Plaintiff-reported pure omission
FACT,F048,CSL Plasma Inc.,"572 University Ave. W., St. Paul",Before immunization and extraction,"CSL allegedly did not disclose the specialized product category, downstream value, or program-specific risks before obtaining consent.",Gap,E003; E012; E013,A010; A011; A023; A029; A034,C01; C04; C05; C07; C08; C11,P08; P09; P12,L01; L03; L04; L07,R01; R02; R03; R06,"Supports fraud, informed-consent, and restitution theories","Exact omitted facts, value methodology, and materiality evidence are required",High,CSL has special inaccessible knowledge,Special-knowledge and informed-consent omission | Knowledge is direct; intent is inferential,Allegedly caused consent and acceptance of compensation,"Economic, consent, and physical injury",Program-wide if standard materials were used,,,,Obtain product valuation evidence and exact program disclosures; do not use speculative value.,,,,Plaintiff-reported pure omission
FACT,F049,Plaintiff,Multiple Minnesota centers,Participation period,Plaintiff underwent repeated compensated plasma-extraction procedures at multiple defendants' centers.,Partial,E001; E002,A001; A003; A009,C01; C02; C04; C05; C06; C07; C08; C10; C11,P04; P05; P06; P08; P09; P12,L01; L02; L03; L04; L05; L07,R01; R03; R04; R06,Establishes personal transactions and injury standing,A complete date-level chronology is required,High,Not applicable,Transaction and reliance fact | Plaintiff knowledge state is established through testimony,Direct transaction link,"Physical procedure, time, travel, and alleged biomarker and economic injuries",Plaintiff is one participant in a broader standardized market,,,,"Build a complete chronology from payment histories, appointment records, consents, and laboratory files.",,,,Plaintiff fact
FACT,F050,Plaintiff,Each challenged center,Before each challenged procedure,"Plaintiff alleges that complete disclosure of medical classification, commercial product purpose, regulatory character, and cumulative-risk information would have changed participation or frequency.",Partial,E001,A003; A009; A010; A011; A021,C01; C04; C05; C11,P05; P08; P09; P12,L01; L03,R01; R03; R06,"Supports materiality, reliance, and causation","Must be tied to each provider, transaction cluster, omitted fact, and injury",High,Duty depends on each omitted fact and relationship,Pure omission | Defendant intent may be pleaded generally with factual basis,Direct but-for and causal-nexus allegation,Avoided procedure exposure and economic transaction,Same information is alleged material to reasonable participants,,,,"Repeat the allegation with provider, date, omitted fact, and resulting decision for each transaction cluster.",,,,Reliance and causation allegation
FACT,F051,Plaintiff,Transit and centers,Each visit,"A complete participation episode allegedly consumed approximately four to six hours including travel, waiting, screening, extraction, and return travel.",Partial,E011,A001; A009; A023,C01; C02; C04; C07,P12,L01; L07,R01; R02,Supports damages and inducement context,Contemporaneous records and a legally recognized measure are required,Medium,Not a disclosure fact,Causal consequence of participation | Not applicable,Participation caused time expenditure,Time loss and opportunity cost; legal recoverability requires specification,Common participant burden,,,,"Use calendar, payment timestamps, transit history, and center records; do not monetize without a supported method.",,,,Plaintiff-reported damages fact
FACT,F052,Plaintiff,Transit routes,Each visit,Plaintiff alleges approximately eight dollars in transit expense for a participation episode.,Partial,E011,A001; A009,C01; C02; C04,P12,L01,R01,Supports out-of-pocket damages,"Fare, date, and causation records are required",Medium,Not a disclosure fact,Causal consequence of participation | Not applicable,Participation caused the expense,Out-of-pocket loss,Individual proof required,,,,Collect fare records and map only costs caused by challenged transactions.,,,,Plaintiff-reported damages fact
FACT,F053,Plaintiff,Multiple providers,Deferral periods,Plaintiff experienced one or more low-protein deferrals after repeated participation.,Partial,E005; E006,A021; A030; A033; A037; A038; A040,C01; C04; C05; C08; C11,P04; P05; P06; P12,L01; L03,R01; R04; R08,Supports injury and medical-causation inquiry,"Results, dates, baseline, and alternative causes are required",High,Providers know trends and criteria,Omission and informed-consent theory | Knowledge is direct through records,Participation frequency is alleged to contribute; medical causation is not yet established,"Lost compensation, health concern, and potential biomarker injury",Potentially common event,,,,"Obtain all records and distinguish diet, illness, baseline, and other causal explanations.",,,,Plaintiff fact
FACT,F054,All defendants,Minnesota market,Ongoing,"The challenged recruitment, compensation, consent, and collection practices allegedly are standardized and directed to a broad Minnesota participant population.",Partial,E004; E009,A007; A008; A009,C01; C02; C03; C04; C08; C11,P12,L01; L02,R01; R02; R03; R06; R08,Supports public benefit and systemic relief,"Campaign reach, centralized policy, participant counts, and ongoing-conduct proof are required",High,Defendants control standardized materials,Public deception and omission | Intent is inferable from centralized programs,Common conduct plus plaintiff transactions supplies alleged causal nexus,Individual and public-facing risk,Directly public-wide,,,,"Obtain centralized policies, marketing campaigns, participant reach, and current Minnesota offers.",,,,Public-benefit allegation
FACT,F055,All defendants,Corporate and center systems,Ongoing,"The alleged omitted facts include downstream product purpose, internal safety trends, scripts, compensation algorithms, and procedure records held primarily by defendants.",Partial,E009; E012; E019; E023,A010; A011,C01; C04; C11,P12,L01,R01; R03; R06,Supports a disclosure duty under special knowledge,Each omitted fact and its inaccessibility must be specifically pleaded,High,Klein special-knowledge pathway,Pure omission | Knowledge is direct or inferable from records,Inaccessibility allegedly prevents informed choice,Consent and transaction injuries,Common information asymmetry,,,,"For each omitted fact, identify who held it, why plaintiff lacked reasonable access, and when disclosure was due.",,,,Special-knowledge allegation
FACT,F056,Plaintiff and court,Minnesota district court,At filing,"Plaintiff may pursue plaintiff's own injury claims under Minn. Stat. § 8.31, subdivision 3a.",Authority-supported,E024,A001; A007; A009,C01; C02; C03; C08,P12,L08,R01; R03,States the direct statutory capacity,Sufficient as a legal proposition if injury and causation are pleaded,High,Not a defendant disclosure duty,Standing | Not applicable,Requires plaintiff injury and causal nexus,Procedural entitlement to seek authorized relief,Public benefit is separately required for fee-shifting/public-attorney-general rationale,,,,"Use the statutory text accurately and separately plead injury, causation, and public benefit.",,,,Standing proposition
FACT,F057,Plaintiff and court,Minnesota district court,At filing,A nonlawyer's personal statutory action does not itself authorize representation of absent persons' individual claims.,Legal barrier,E024,A001; A005; A006,C01; C02; C03; C08,P12,L08,R01; R03; R06,Controls the scope of requested group relief,Sufficient as a legal proposition,High,Not a defendant disclosure duty,Procedural limitation | Not applicable,Limits absent-person monetary claims,Procedural dismissal or narrowing risk if mispleaded,Public-facing injunction is distinct from absent-person damages representation,,,,"Do not assert personal representation of absent people; distinguish individual claims, public injunction, and any Rule 23 mechanism.",,,,Representation limitation
FACT,F058,All defendants,Requested relief,At judgment,A $3.7 billion structural relief pool is requested as a conservative equitable minimum floor rather than a calculated ceiling or adjudicated liability amount.,Contested,E025,A001; A005; A015; A016,C01; C03; C08,P01; P02; P04; P05; P06; P12,L06,R02; R03; R04; R05; R06; R07; R08,Defines the requested structural remedy,"Methodology, authority, proportionality, and nonduplication must be shown",High,Not a disclosure duty,Requested equitable remedy | Not applicable,Must be tied to proven conduct and an authorized remedy,"Requested relief, not established damages",Intended to remediate broad affected population,,,,"Develop an auditable Minnesota volume, participant, injury, restitution, and program-cost model.",,,,Requested-relief proposition
FACT,F059,All defendants,Requested relief,At judgment,At least fifty percent of the requested structural pool is allocated to direct participant remediation in the proposed model.,Contested,E025,A001; A005,C01; C03; C08,P12,L06,R02; R07,Supports remedy transparency,The structure is defined; lawful distribution authority and eligibility remain required,Medium,Not applicable,Requested equitable remedy | Not applicable,Distribution must use an authorized mechanism,Proposed remediation,Broad participant benefit,,,,"Define eligibility, notice, claims process, offsets, appeal, and lawful representative authority.",,,,Requested-relief proposition
FACT,F060,All defendants,Requested relief,Prospective,"The proposed relief includes corrective notices and revised consent materials identifying procedure character, commercial product purpose, adjudicated risks, and participant rights.",Partial,E025,A001; A015; A016; A031,C01; C03; C08,P02; P05; P08; P12,L06,R03,Tailors prospective relief to alleged deception,Final language and causal nexus depend on adjudicated facts,High,Tied to disclosure duties,Corrective disclosure | Not applicable,Intended to prevent future deceptive participation,Prospective prevention,Public benefit,,,,Draft precise language limited to facts established by evidence or adjudication.,,,,Requested equitable remedy
FACT,F061,All defendants,Requested relief,Prospective,The proposed relief includes a cross-provider deferral and longitudinal safety system with privacy controls and auditable access rules.,Partial,E025,A015; A016; A028; A030; A033,C01; C03; C08,P04; P06; P11; P12,L06,R06; R08,Addresses the alleged siloed-monitoring risk,"Privacy, feasibility, authority, and proportionality remain required",High,Tied to special-knowledge and safety theories,Corrective infrastructure | Not applicable,Intended to prevent unsafe repeat participation,Prospective safety,Broad participant benefit,,,,"Specify minimum data, consent, security, retention, correction, access, audit, and appeal rules.",,,,Requested equitable remedy
FACT,F062,All defendants,Requested relief,Prospective,"The proposed relief includes independent testing, adverse-event reporting, and longitudinal health research.",Partial,E025,A015; A016; A030; A031; A037; A038; A040,C01; C03; C08,P04; P05; P06; P12,L06,R04; R05; R08,Addresses alleged information and monitoring gaps,"Scientific protocol, legal nexus, governance, and proportionality remain required",Medium,Tied to program knowledge and safety,Corrective monitoring | Not applicable,Intended to measure and reduce future injury,Prospective monitoring,Broad participant benefit,,,,"Define independent governance, study design, participant consent, endpoints, publication, and conflicts.",,,,Requested equitable remedy
FACT,F063,All defendants,Requested relief,Prospective,"The proposed relief includes independent administration, claims audit, public reporting, and court oversight.",Partial,E025,A001; A005; A015; A016,C01; C03; C08,P12,L06,R07,Supports enforceability and accountability,"Authority, cost, administrator duties, and termination criteria remain required",Medium,Not applicable,Administration remedy | Not applicable,Makes distribution traceable to proven conduct,Administrative cost and transparency,Public benefit,,,,"Define fiduciary duties, audit standards, conflicts, reporting cadence, appeals, and termination.",,,,Requested equitable remedy
FACT,F064,All defendants,Minnesota district court,Initial complaint,Punitive damages may not be demanded in the initial complaint and require a later motion supported by affidavits and a prima facie showing.,Procedurally deferred,E024,A024; A025,C12,P12,L09,R01,Controls the prayer for relief,Sufficient as a legal proposition,High,Not applicable,Procedural limitation | Not applicable,Not applicable,No initial punitive award,Not applicable,,,,Exclude punitive damages from the initial prayer and preserve incident-specific evidence for a later motion.,,,,Procedural limiting fact
FACT,F065,Plaintiff and court,Minnesota district court,At filing,Any medical-negligence count requiring expert testimony must comply with Minn. Stat. § 145.682's affidavit sequence.,Legal barrier,E024,A020,C05,P04; P05; P06,L08,R01; R08,Controls viability of C05,Sufficient as a legal proposition,High,Not applicable,Procedural limitation | Not applicable,Noncompliance can cause dismissal,Procedural dismissal risk,Not applicable,,,,Create a deadline calendar tied to service date and identify which allegations require expert testimony.,,,,Procedural limiting fact
FACT,F066,Plaintiff and court,Ramsey County,At commencement,Current identified center events support Ramsey County as the principal venue theory.,Partial,E017; E024,A017,C01; C02; C03; C04; C05; C06; C07; C08; C11,P12,L08,R01,Supports venue allegations,Current business locations and event sites must be verified,Medium,Not applicable,Venue | Not applicable,Connects parties and events to the forum,No substantive injury,Not applicable,,,,Verify each entity's place of business and plead where each material event occurred.,,,,Venue proposition
FACT,F067,Plaintiff and court,Minnesota district court,At commencement,A Minnesota civil action is commenced by service under Rule 3 rather than by filing alone.,Authority-supported,E024,A018; A019,C01; C02; C03; C04; C05; C06; C07; C08; C09; C10; C11,P12,L08,R01,Controls filing sequence,Sufficient as a legal proposition,High,Not applicable,Procedure | Not applicable,Proper service creates the action,Procedural dismissal or timeliness risk,Not applicable,,,,Verify registered agents and execute entity-specific service before relying on filing.,,,,Commencement proposition
FACT,F068,All defendants,Participant records,Ongoing,"No currently identified fact establishes unauthorized access, request, or release of a health record covered by the Minnesota Health Records Act.",Gap,E023; E024,A028,C09; C11,P11,L08,R06,Prevents unsupported C09 pleading,Sufficient as current record limitation,Medium,Not applicable,Limiting fact | Not applicable,No current causal event,No current covered damages,Not applicable,,,,"Do not plead C09 unless access logs, authorization, recipient, date, and compensatory loss establish every element.",,,,Limiting factual proposition
FACT,F069,All defendants,Transaction documents,At pleading,"Consent to extraction and payment terms may create contract, transfer, and ownership defenses to unjust-enrichment and conversion theories.",Contested,E003; E012; E024,A023; A032,C07; C10,P08; P12,L04; L07; L08,R01; R02,Prevents duplicative or unsupported restitution theories,Actual agreements and transfer language are required,High,Not an omission fact,Defense and alternative pleading limitation | Not applicable,May defeat unjust-gain or ownership elements,Limits recoverable measure,Not applicable,,,,Obtain complete agreements and plead restitution or conversion only in the alternative with a nonduplicative measure.,,,,Limiting legal/factual proposition
FACT,F070,All defendants,Complaint,At pleading,Regulatory predicates without private causes of action are included as facts and mapped to actionable fraud theories rather than mislabeled as standalone damages counts.,Authority-supported,E024,A003; A010; A011,C01; C04; C11,P01; P02; P03; P04; P05; P06; P07; P08; P09; P10; P11; P12; P13,L01; L08,R01; R03; R06,Preserves the requested non-actionable-predicate theory while respecting cause-of-action limits,Sufficient as architecture,High,Each predicate still requires a disclosure duty,Predicate omission architecture | Knowledge and intent are fact-specific,Causal nexus and injury remain required,No independent predicate damages,Public benefit depends on standardized conduct,,,,"For every predicate row, identify the omitted unlawful fact, duty, knowledge, materiality, transaction, causal nexus, and injury.",,,,Pleading architecture proposition
AUTHORITY,A001,"Minn. Stat. § 8.31, subd. 3a",Statute,Minnesota,A person injured by specified consumer-protection violations may bring a civil action for damages and equitable relief; attorney fees may be awarded.,Binding,,A001,,,,,,,,,,,,,,,Supports the injured person's statutory action; the text does not create qui tam standing or use the term relator.,https://www.revisor.mn.gov/statutes/cite/8.31,,Verify current version and event-date applicability.,,,2025 publication
AUTHORITY,A002,Minn. R. Civ. P. 8.01,Rule,Minnesota,"Requires a short and plain statement showing entitlement to relief and a demand; unliquidated damages above $50,000 are pleaded as reasonably exceeding $50,000.",Binding,,A002,,,,,,,,,,,,,,,Controls complaint structure and the treatment of unliquidated damages.,https://www.revisor.mn.gov/court_rules/cp/id/8/,,Verify current version and event-date applicability.,,,Current
AUTHORITY,A003,Minn. R. Civ. P. 9.02,Rule,Minnesota,Fraud circumstances must be pleaded with particularity; intent and knowledge may be pleaded generally.,Binding,,A003,,,,,,,,,,,,,,,"Requires who, what, when, where, and how for each deceptive act or omission.",https://www.revisor.mn.gov/court_rules/rule/cp-9/,,Verify current version and event-date applicability.,,,Current
AUTHORITY,A004,Minn. R. Civ. P. 10.01,Rule,Minnesota,"Caption must identify the court, county, parties, title, file number when assigned, and case type.",Binding,,A004,,,,,,,,,,,,,,,Controls caption and party identification.,https://www.revisor.mn.gov/court_rules/rule/cp-10/,,Verify current version and event-date applicability.,,,Current
AUTHORITY,A005,Minn. R. Civ. P. 23,Rule,Minnesota,"Representative monetary relief for absent persons requires class prerequisites, certification, adequate representation, and appointed class counsel.",Binding,,A005,,,,,,,,,,,,,,,Limits absent-person damages representation and distribution without certification.,https://www.revisor.mn.gov/court_rules/cp/id/23/,,Verify current version and event-date applicability.,,,Current
AUTHORITY,A006,Minn. Stat. § 481.02,Statute,Minnesota,A nonlawyer may appear personally only in a nonrepresentative capacity; unauthorized-practice restrictions remain applicable.,Binding,,A006,,,,,,,,,,,,,,,Creates a representation barrier for absent-person claims by a nonlawyer.,https://www.revisor.mn.gov/statutes/cite/481.02,,Verify current version and event-date applicability.,,,2025 publication
AUTHORITY,A007,"Ly v. Nystrom, 615 N.W.2d 302",Case,Minnesota Supreme Court,A consumer-fraud action can arise from a single transaction; fee-shifting under the private-attorney-general provision requires a public benefit.,Binding,,A007,,,,,,,,,,,,,,,Public-benefit allegations must connect the challenged practice to the public rather than only a private dispute.,https://law.justia.com/cases/minnesota/supreme-court/2000/c699565.html,,Verify current version and event-date applicability.,,,2000
AUTHORITY,A008,"Collins v. Minnesota School of Business, 655 N.W.2d 320",Case,Minnesota Supreme Court,Public benefit was supported where standardized misrepresentations were broadly made to prospective consumers.,Binding,,A008,,,,,,,,,,,,,,,Supports public-benefit allegations based on standardized recruitment and advertising.,https://law.justia.com/cases/minnesota/supreme-court/2003/c701690.html,,Verify current version and event-date applicability.,,,2003
AUTHORITY,A009,"Group Health Plan v. Philip Morris, 621 N.W.2d 2",Case,Minnesota Supreme Court,"The consumer-fraud statutes do not require purchaser status or individualized reliance at pleading, but a causal nexus remains required and may be shown circumstantially.",Binding,,A009,,,,,,,,,,,,,,,Supports aggregate causal-nexus theory while preserving causation.,https://law.justia.com/cases/minnesota/supreme-court/2001/c600377.html,,Verify current version and event-date applicability.,,,2001
AUTHORITY,A010,"Graphic Communications Local 1B v. CVS Caremark, 850 N.W.2d 682",Case,Minnesota Supreme Court,Material omission alone is insufficient; omission liability requires a legal or equitable duty to disclose arising from special circumstances.,Binding,,A010,,,,,,,,,,,,,,,Central limitation on omission theories and non-actionable regulatory predicates.,https://law.justia.com/cases/minnesota/supreme-court/2014/a12-1555.html,,Verify current version and event-date applicability.,,,2014
AUTHORITY,A011,"Klein v. First Edina National Bank, 196 N.W.2d 619",Case,Minnesota Supreme Court,"A disclosure duty may arise from a fiduciary relationship, inaccessible special knowledge, or statements that would mislead without further disclosure.",Binding,,A011,,,,,,,,,,,,,,,Supplies the duty-to-disclose pathways used in the matrix.,https://law.justia.com/cases/minnesota/supreme-court/1972/42956-1.html,,Verify current version and event-date applicability.,,,1972
AUTHORITY,A012,Minn. Stat. § 325F.67,Statute,Minnesota,Prohibits materially false statements in public advertising concerning merchandise or services.,Binding,,A012,,,,,,,,,,,,,,,Supports an advertising count where exact public statements are identified.,https://www.revisor.mn.gov/statutes/cite/325F.67,,Verify current version and event-date applicability.,,,2025 publication
AUTHORITY,A013,Minn. Stat. § 325F.69,Statute,Minnesota,"Prohibits fraud, false pretenses, false promises, misrepresentation, misleading statements, deceptive practices, and unfair or unconscionable practices in connection with merchandise.",Binding,,A013,,,,,,,,,,,,,,,Primary consumer-fraud predicate.,https://www.revisor.mn.gov/statutes/cite/325F.69,,Verify current version and event-date applicability.,,,2025 publication
AUTHORITY,A014,Minn. Stat. § 325D.44,Statute,Minnesota,"Defines deceptive trade practices, including confusion about approval, characteristics, benefits, quality, and price reductions.",Binding,,A014,,,,,,,,,,,,,,,Supports prospective injunctive theories.,https://www.revisor.mn.gov/statutes/cite/325D.44,,Verify current version and event-date applicability.,,,2025 publication
AUTHORITY,A015,Minn. Stat. § 325D.45,Statute,Minnesota,Authorizes injunctive relief for a person likely to be damaged by a deceptive trade practice; monetary damage or intent is not required for the injunction.,Binding,,A015,,,,,,,,,,,,,,,"Supports prospective injunction, not an independent compensatory-damages award.",https://www.revisor.mn.gov/statutes/cite/325D.45,,Verify current version and event-date applicability.,,,2025 publication
AUTHORITY,A016,Minn. Stat. § 555.01,Statute,Minnesota,"Authorizes declaratory judgments concerning rights, status, and legal relations.",Binding,,A016,,,,,,,,,,,,,,,Supports classification and legal-status declarations where an actual controversy exists.,https://www.revisor.mn.gov/statutes/cite/555.01,,Verify current version and event-date applicability.,,,2025 publication
AUTHORITY,A017,Minn. Stat. § 542.09,Statute,Minnesota,"Venue generally lies where a defendant resides or has a place of business, or where the cause arose.",Binding,,A017,,,,,,,,,,,,,,,Current identified events primarily support Ramsey County venue.,https://www.revisor.mn.gov/statutes/cite/542.09,,Verify current version and event-date applicability.,,,2025 publication
AUTHORITY,A018,Minn. R. Civ. P. 3,Rule,Minnesota,A civil action is commenced by service of the summons or specified delivery to the sheriff.,Binding,,A018,,,,,,,,,,,,,,,Filing alone does not commence the action under Minnesota procedure.,https://www.revisor.mn.gov/court_rules/rule/cp-3/,,Verify current version and event-date applicability.,,,Current
AUTHORITY,A019,Minn. R. Civ. P. 4,Rule,Minnesota,Controls summons content and service on individuals and corporations.,Binding,,A019,,,,,,,,,,,,,,,Requires entity-specific service mechanics.,https://www.revisor.mn.gov/court_rules/cp/id/4/,,Verify current version and event-date applicability.,,,Current
AUTHORITY,A020,Minn. Stat. § 145.682,Statute,Minnesota,Medical-malpractice claims requiring expert testimony trigger expert-review and expert-identification affidavits; noncompliance can cause dismissal.,Binding,,A020,,,,,,,,,,,,,,,Applies to negligent informed-consent theories dependent on professional standards.,https://www.revisor.mn.gov/statutes/cite/145.682,,Verify current version and event-date applicability.,,,2025 publication
AUTHORITY,A021,"Cornfeldt v. Tongen, 262 N.W.2d 684 and 295 N.W.2d 638",Case,Minnesota Supreme Court,Minnesota recognizes negligent nondisclosure where a physician fails to disclose material treatment risks and objective causation is shown.,Binding,,A021,,,,,,,,,,,,,,,Supports informed-consent negligence; requires medical-standard and causation proof.,https://law.justia.com/cases/minnesota/supreme-court/1977/46074-1.html,,Verify current version and event-date applicability.,,,1977 and 1980
AUTHORITY,A022,"Kinikin v. Heupel, 305 N.W.2d 589",Case,Minnesota Supreme Court,Distinguishes battery based on no consent or a substantially different procedure from negligence based on inadequate risk disclosure.,Binding,,A022,,,,,,,,,,,,,,,Limits medical-battery theory where the participant agreed to the procedure's essential nature.,https://law.justia.com/cases/minnesota/supreme-court/1981/51313-1.html,,Verify current version and event-date applicability.,,,1981
AUTHORITY,A023,"Caldas v. Affordable Granite & Stone, 820 N.W.2d 826",Case,Minnesota Supreme Court,Unjust enrichment requires knowing receipt of value that equity and good conscience do not permit the defendant to retain; an applicable enforceable contract can bar the claim.,Binding,,A023,,,,,,,,,,,,,,,Supports alternative restitution theory and identifies the contract defense.,https://law.justia.com/cases/minnesota/supreme-court/2012/a10-2173.html,,Verify current version and event-date applicability.,,,2012
AUTHORITY,A024,Minn. Stat. § 549.191,Statute,Minnesota,"Punitive damages must not be sought in the initial complaint; a later motion, affidavits, and prima facie judicial finding are required.",Binding,,A024,,,,,,,,,,,,,,,Punitive damages are excluded from the initial prayer and tracked only as a later-stage procedure.,https://www.revisor.mn.gov/statutes/cite/549.191,,Verify current version and event-date applicability.,,,2025 publication
AUTHORITY,A025,Minn. Stat. § 549.20,Statute,Minnesota,Punitive damages require clear and convincing evidence of deliberate disregard for rights or safety.,Binding,,A025,,,,,,,,,,,,,,,Provides the later-stage substantive standard.,https://www.revisor.mn.gov/statutes/cite/549.20,,Verify current version and event-date applicability.,,,2025 publication
AUTHORITY,A026,"Minn. Stat. § 147.081 as amended by 2026 Minn. Laws ch. 115, art. 12, § 1",Statute,Minnesota,"Effective August 1, 2026, a non-natural person may not practice medicine as defined in subdivision 3; natural persons require specified licensure or registration.",Binding,,A026,,,,,,,,,,,,,,,Potentially central predicate; whether compensated plasma extraction constitutes the statutory practice of medicine remains contested.,https://www.revisor.mn.gov/laws/2026/0/Session%2BLaw/Chapter/115/,,Verify current version and event-date applicability.,,,Effective 2026-08-01
AUTHORITY,A027,Minn. Stat. § 645.02,Statute,Minnesota,Acts without a specified effective date generally take effect August 1 following final enactment.,Binding,,A027,,,,,,,,,,,,,,,Supplies the effective date for the 2026 § 147.081 amendment.,https://www.revisor.mn.gov/statutes/cite/645.02,,Verify current version and event-date applicability.,,,2025 publication
AUTHORITY,A028,Minn. Stat. §§ 144.291–144.298,Statute,Minnesota,"Defines health records and provides a private remedy for specified unauthorized access, request, or release violations.",Binding,,A028,,,,,,,,,,,,,,,"A direct count requires evidence of unauthorized access or disclosure, not merely incomplete participant access to records.",https://www.revisor.mn.gov/statutes/cite/144.298,,Verify current version and event-date applicability.,,,2025 publication
AUTHORITY,A029,21 C.F.R. § 630.5,Regulation,Federal,Requires responsible-physician supervision; permits specified delegation to trained persons and requires rapid emergency-service procedures.,Binding regulatory predicate,,A029,,,,,,,,,,,,,,,Undercuts any claim that every collection act must be personally performed by a physician; supports supervision and emergency-readiness allegations.,https://www.ecfr.gov/current/title-21/chapter-I/subchapter-F/part-630/subpart-B/section-630.5,,Verify current version and event-date applicability.,,,Current through 2026-07-30
AUTHORITY,A030,21 C.F.R. § 630.10,Regulation,Federal,"Requires precollection eligibility determination, assessment of conditions that could adversely affect participant health, procedure-risk information, acknowledgement, questions, and withdrawal opportunity.",Binding regulatory predicate,,A030,,,,,,,,,,,,,,,"Supports health-protection, risk-information, acknowledgement, and deferral allegations.",https://www.ecfr.gov/current/title-21/chapter-I/subchapter-F/part-630/subpart-B/section-630.10,,Verify current version and event-date applicability.,,,Current through 2026-07-31
AUTHORITY,A031,21 C.F.R. § 630.15,Regulation,Federal,"For Source Plasma or plasma by plasmapheresis, requires periodic medical history and physical examination and informed consent explaining procedure risks and hazards.",Binding regulatory predicate,,A031,,,,,,,,,,,,,,,Supports informed-consent and medical-character allegations.,https://www.ecfr.gov/current/title-21/chapter-I/subchapter-F/part-630/subpart-B/section-630.15,,Verify current version and event-date applicability.,,,Current
AUTHORITY,A032,21 C.F.R. § 640.60,Regulation,Federal,Defines Source Plasma as plasma collected by plasmapheresis for further manufacturing use.,Binding regulatory predicate,,A032,,,,,,,,,,,,,,,Supports commercial-manufacturing-purpose and product-classification allegations.,https://www.ecfr.gov/current/title-21/chapter-I/subchapter-F/part-640/subpart-G/section-640.60,,Verify current version and event-date applicability.,,,Current through 2026-07-30
AUTHORITY,A033,21 C.F.R. § 640.65,Regulation,Federal,Defines the plasmapheresis procedure; requires periodic protein and immunoglobulin testing; limits collection frequency to at least two days apart and no more than twice in seven days.,Binding regulatory predicate,,A033,,,,,,,,,,,,,,,"Supports medical-procedure, monitoring, frequency, and depletion allegations.",https://www.ecfr.gov/current/title-21/chapter-I/subchapter-F/part-640/subpart-G/section-640.65,,Verify current version and event-date applicability.,,,Current
AUTHORITY,A034,21 C.F.R. § 640.66,Regulation,Federal,"Specific immunization selection, scheduling, administration, and clinical response evaluation are assigned to the responsible physician, subject to permitted delegation rules.",Binding regulatory predicate,,A034,,,,,,,,,,,,,,,Supports immunization-program allegations.,https://www.law.cornell.edu/cfr/text/21/640.66,,Verify current version and event-date applicability.,,,Current
AUTHORITY,A035,21 C.F.R. § 640.69,Regulation,Federal,Paid-source-plasma units for injectable manufacturing require eligibility and negative testing history and are held in quarantine for at least 60 days.,Binding regulatory predicate,,A035,,,,,,,,,,,,,,,Shows commercial manufacturing controls and paid-participant treatment.,https://www.ecfr.gov/current/title-21/chapter-I/subchapter-F/part-640/subpart-G/section-640.69,,Verify current version and event-date applicability.,,,Current through 2026-07-31
AUTHORITY,A036,FDA Informed Consent Recommendations for Source Plasma Participants,Guidance,Federal agency guidance,FDA guidance addresses consent for plasmapheresis and immunization programs and procedure-specific disclosures.,Persuasive,,A036,,,,,,,,,,,,,,,Supports content and process of consent but is not an independent damages cause of action.,https://www.fda.gov/regulatory-information/search-fda-guidance-documents/informed-consent-recommendations-source-plasma-donors-participating-plasmapheresis-and-immunization,,Verify current version and event-date applicability.,,,Current FDA page
AUTHORITY,A037,"Haugen et al., Vox Sanguinis, 2025, PMID 40876898",Study,Peer-reviewed research,"Randomized trial found frequency-related reductions in total serum protein, IgG, subclasses, IgM, IgA, ferritin, and hemoglobin; several biomarkers required more than four weeks to recover.",Persuasive scientific evidence,,A037,,,,,,,,,,,,,,,Supports materiality and cumulative-risk allegations; study population and schedule differ from each provider's exact program.,https://pubmed.ncbi.nlm.nih.gov/40876898/,,Verify current version and event-date applicability.,,,2025
AUTHORITY,A038,"IgG homeostatic set point and recovery time in plasmapheresis safety monitoring, PMCID PMC12017950",Study,Peer-reviewed research,Large observational cohort found lower IgG with repeated procedures and described recovery toward participant-specific set points.,Persuasive scientific evidence,,A038,,,,,,,,,,,,,,,Supports longitudinal-monitoring and individualized-baseline theory.,https://pmc.ncbi.nlm.nih.gov/articles/PMC12017950/,,Verify current version and event-date applicability.,,,2024
AUTHORITY,A039,"Specific protein content of plasma pools from different sources, PMID 20840337",Study,Peer-reviewed research,"Paid high-frequency United States source-plasma pools had lower measured total protein, albumin, IgG, and IgM than comparator pools.",Persuasive scientific evidence,,A039,,,,,,,,,,,,,,,Supports biological plausibility; pooled product measurements do not directly prove individual injury.,https://pubmed.ncbi.nlm.nih.gov/20840337/,,Verify current version and event-date applicability.,,,2010
AUTHORITY,A040,"Safety of plasmapheresis in participants with low IgG, PMID 37969863",Study,Peer-reviewed research,Prospective multicenter data reported no increased severe adverse-event or infection rate among participants with repeated low IgG measurements.,Contrary scientific evidence,,A040,,,,,,,,,,,,,,,Limits any categorical claim that low IgG necessarily causes serious clinical injury.,https://pubmed.ncbi.nlm.nih.gov/37969863/,,Verify current version and event-date applicability.,,,2022/2023
AUTHORITY,A041,"Mohr v. Williams, 104 N.W. 12",Case,Minnesota Supreme Court,Patient authorization limits the scope of medical intervention and supports bodily-autonomy principles.,Binding historical authority,,A041,,,,,,,,,,,,,,,Foundational consent authority; modern elements are controlled by later Minnesota cases.,https://law.justia.com/cases/minnesota/supreme-court/1905/13904-1.html,,Verify current version and event-date applicability.,,,1905
AUTHORITY,A042,21 C.F.R. § 640.63,Regulation,Federal,"Addresses suitability requirements, physical examination, and medical history for Source Plasma participants.",Binding regulatory predicate,,A042,,,,,,,,,,,,,,,Supports medical-screening and participant-suitability allegations.,https://www.ecfr.gov/current/title-21/chapter-I/subchapter-F/part-640/subpart-G/section-640.63,,Verify current version and event-date applicability.,,,Current
EVIDENCE,E001,Plaintiff declaration and testimony,Plaintiff,Not yet reduced to signed exhibit,"Chronology, statements heard, procedures, reliance, and claimed injuries.",Critical,E001,,,,,,,,,,,,,,,,,Create a date-specific declaration cross-referenced to Fact_IDs.,"Evidence obtained, authenticated, and mapped to Fact_IDs.",,,
EVIDENCE,E002,Payment histories and promotion ledgers,"Each defendant, payment account, and apps",Requested / not attached,"Session dates, amounts, tiering, bonus completion, and compensation terms.",Critical,E002,,,,,,,,,,,,,,,,,Export complete histories and preserve metadata.,"Evidence obtained, authenticated, and mapped to Fact_IDs.",,,
EVIDENCE,E003,"Consent forms, educational materials, scripts, and videos",Each defendant,Requested / not attached,"Exact disclosures, omissions, signatures, version dates, and speakers.",Critical,E003,,,,,,,,,,,,,,,,,Collect every version used during plaintiff's participation.,"Evidence obtained, authenticated, and mapped to Fact_IDs.",,,
EVIDENCE,E004,"Advertisements, texts, emails, app screenshots, websites, and promotion rules",Each defendant,Partial / preservation needed,"Exact public statements, audience, dates, and offer conditions.",Critical,E004,,,,,,,,,,,,,,,,,Capture originals and archive source and timestamps.,"Evidence obtained, authenticated, and mapped to Fact_IDs.",,,
EVIDENCE,E005,Laboratory results and longitudinal trend data,Each defendant and laboratories,Requested / incomplete,"Total protein, albumin, IgG, electrophoresis, hemoglobin, ferritin, and related results.",Critical,E005,,,,,,,,,,,,,,,,,Obtain machine-readable results with reference ranges and dates.,"Evidence obtained, authenticated, and mapped to Fact_IDs.",,,
EVIDENCE,E006,Deferral and reinstatement records,Each provider,Requested / incomplete,"Reason, duration, notice, review, and criteria.",Critical,E006,,,,,,,,,,,,,,,,,"Collect notices, internal codes, reviewer, and reinstatement records.","Evidence obtained, authenticated, and mapped to Fact_IDs.",,,
EVIDENCE,E007,BioLife machine logs and incident records,BioLife,Not obtained,"Device stops, alarm codes, restarts, staff action, and medical review.",Critical,E007,,,,,,,,,,,,,,,,,Preserve device logs and incident reports for the exact visit.,"Evidence obtained, authenticated, and mapped to Fact_IDs.",,,
EVIDENCE,E008,"Staffing, training, productivity, and discipline records",Each defendant,Not obtained,"Delegation, competence, throughput pressure, and management knowledge.",High,E008,,,,,,,,,,,,,,,,,"Request policies, metrics, and role-specific training records.","Evidence obtained, authenticated, and mapped to Fact_IDs.",,,
EVIDENCE,E009,Standard operating procedures and corporate safety policies,Each defendant,Not obtained,"Eligibility, adverse events, stopping criteria, consent, and follow-up.",Critical,E009,,,,,,,,,,,,,,,,,Identify the version effective for each event.,"Evidence obtained, authenticated, and mapped to Fact_IDs.",,,
EVIDENCE,E010,"FDA inspection, warning, registration, and biologics-license records",FDA and defendants,Public and agency research needed,"Regulatory status, inspection findings, and approved programs.",High,E010,,,,,,,,,,,,,,,,,Index center-specific FDA identifiers and inspection history.,"Evidence obtained, authenticated, and mapped to Fact_IDs.",,,
EVIDENCE,E011,"Transit, calendar, and time records",Plaintiff and transit provider,Partial,Out-of-pocket travel and duration per visit.,Medium,E011,,,,,,,,,,,,,,,,,Reconstruct only challenged visits.,"Evidence obtained, authenticated, and mapped to Fact_IDs.",,,
EVIDENCE,E012,Corporate financial and product-value records,Defendants and public filings,Public data partial; contracts unavailable,"Downstream revenue, product categories, and value-chain facts.",High,E012,,,,,,,,,,,,,,,,,Use an auditable Minnesota-specific methodology and avoid unsupported extrapolation.,"Evidence obtained, authenticated, and mapped to Fact_IDs.",,,
EVIDENCE,E013,CSL tetanus/immunization program file,CSL,Not obtained,"Consent, antigen, physician oversight, purpose, product category, and additional compensation.",Critical,E013,,,,,,,,,,,,,,,,,Collect complete participant and program records.,"Evidence obtained, authenticated, and mapped to Fact_IDs.",,,
EVIDENCE,E014,Octapharma sampling and supply records,Octapharma,Not obtained,"Needle gauge, inventory, orders, panels, dates, and deferral.",Critical,E014,,,,,,,,,,,,,,,,,"Request visit record, supply protocol, and laboratory orders.","Evidence obtained, authenticated, and mapped to Fact_IDs.",,,
EVIDENCE,E015,Grifols/Talecris counseling and deferral records,Grifols/Talecris,Not obtained,"Low-protein explanation, diet materials, trends, and deferral.",Critical,E015,,,,,,,,,,,,,,,,,"Request chart, handouts, and staff identity.","Evidence obtained, authenticated, and mapped to Fact_IDs.",,,
EVIDENCE,E016,BioLife compensation and return-offer records,BioLife,Not obtained,Tiered payment and eight-session promotion.,Critical,E016,,,,,,,,,,,,,,,,,"Preserve app, messages, offer rules, and ledger.","Evidence obtained, authenticated, and mapped to Fact_IDs.",,,
EVIDENCE,E017,Corporate entity and facility records,"Secretary of State, FDA, and corporate filings",Partially verified,"Correct legal names, ownership, center addresses, and service agents.",Critical,E017,,,,,,,,,,,,,,,,,Complete immediately before caption and service.,"Evidence obtained, authenticated, and mapped to Fact_IDs.",,,
EVIDENCE,E018,Federal regulations and center regulatory framework,eCFR and FDA,Verified authority set,"Procedure definition, supervision, eligibility, consent, testing, and frequency.",High,E018,,,,,,,,,,,,,,,,,Use current and event-date versions.,"Evidence obtained, authenticated, and mapped to Fact_IDs.",,,
EVIDENCE,E019,Product classification and downstream-disposition records,FDA and defendants,Regulatory classification verified; provider records missing,"Source Plasma classification, manufacturing purpose, quarantine, and final use.",High,E019,,,,,,,,,,,,,,,,,Tie each defendant and product stream to actual records.,"Evidence obtained, authenticated, and mapped to Fact_IDs.",,,
EVIDENCE,E020,Signed acknowledgement and periodic re-consent records,Each defendant,Not obtained,"Consent timing, signer, withdrawal opportunity, and risk acknowledgement.",Critical,E020,,,,,,,,,,,,,,,,,Map every record to procedure dates.,"Evidence obtained, authenticated, and mapped to Fact_IDs.",,,
EVIDENCE,E021,Scientific literature set,PubMed and PMC,Verified citations,"Biomarker effects, recovery, and contrary clinical-outcome evidence.",High,E021,,,,,,,,,,,,,,,,,Use balanced literature and state limitations.,"Evidence obtained, authenticated, and mapped to Fact_IDs.",,,
EVIDENCE,E022,Cross-provider deferral-system records,Defendants and industry vendors,Not obtained,"What data are shared, blocked, or siloed across providers.",High,E022,,,,,,,,,,,,,,,,,"Identify vendor, registry, data fields, and privacy rules.","Evidence obtained, authenticated, and mapped to Fact_IDs.",,,
EVIDENCE,E023,Participant portal and complete health-record exports,Each defendant,Not obtained,"Laboratory transparency, notices, trends, and access.",High,E023,,,,,,,,,,,,,,,,,Export screens and complete records.,"Evidence obtained, authenticated, and mapped to Fact_IDs.",,,
EVIDENCE,E024,Legal authority set,"Minnesota Revisor, courts, eCFR, and FDA",Verified citations,"Pleading rules, capacity, counts, predicates, and remedy limits.",Critical,E024,,,,,,,,,,,,,,,,,Update immediately before filing for amendments and controlling decisions.,"Evidence obtained, authenticated, and mapped to Fact_IDs.",,,
EVIDENCE,E025,Relief model and cost methodology,Plaintiff and independent model inputs,Structure defined; quantum methodology missing,"Requested $3.7 billion minimum, category shares, Minnesota population, and program costs.",Critical,E025,,,,,,,,,,,,,,,,,Develop auditable inputs and sensitivity analysis.,"Evidence obtained, authenticated, and mapped to Fact_IDs.",,,
FILING,S01,Plaintiff status,,,"Plead plaintiff as a person injured invoking Minn. Stat. § 8.31, subd. 3a. The asserted designation 'statutory enforcement relator' may be identified as plaintiff's characterization, while quotations and element statements must use the statute's actual language.",Ready with qualification,E024,A001,,,,,,,High,,Procedure,,,,,Do not describe the action as qui tam.,,Do not describe the action as qui tam.,Requirement completed and verified before commencement or deadline.,,,
FILING,S02,Personal injury,,,"Identify each defendant transaction, deceptive act or omitted fact, causal nexus, and plaintiff injury.",Partial,E024,A001; A003; A009,,,,,,,High,,Procedure,,,,,Requires complete date-level chronology and records.,,Requires complete date-level chronology and records.,Requirement completed and verified before commencement or deadline.,,,
FILING,S03,Public benefit,,,"Plead standardized public recruitment, consent, compensation, and ongoing practices; specify how relief protects the public.",Partial,E024,A007; A008,,,,,,,High,,Procedure,,,,,"Requires advertisements, participant reach, centralized policies, and ongoing-conduct proof.",,"Requires advertisements, participant reach, centralized policies, and ongoing-conduct proof.",Requirement completed and verified before commencement or deadline.,,,
FILING,S04,Absent-person representation,,,Do not plead that a nonlawyer personally represents absent people. Group monetary relief requires Rule 23 certification and appointed class counsel; public-facing injunction can benefit others without asserting their individual claims.,Legal barrier,E024,A005; A006,,,,,,,High,,Procedure,,,,,A declaration rejecting leniency does not alter representation rules.,,A declaration rejecting leniency does not alter representation rules.,Requirement completed and verified before commencement or deadline.,,,
FILING,S05,Fraud particularity,,,"For each fraud theory state provider, speaker or document, exact content or omitted fact, date or bounded period, place or medium, duty, knowledge, intent, reliance or causal nexus, and injury.",Partial,E024,A003; A010; A011,,,,,,,High,,Procedure,,,,,The Atomic_Facts Gap / Corrective Action column identifies missing particulars.,,The Atomic_Facts Gap / Corrective Action column identifies missing particulars.,Requirement completed and verified before commencement or deadline.,,,
FILING,S06,Rule 8 pleading,,,"Use a short and plain complaint organized by common facts, defendant-specific facts, counts, and prayer. For plaintiff's unliquidated damages, state that damages reasonably exceed $50,000 rather than pleading a precise personal amount.",Ready,E024,A002,,,,,,,High,,Procedure,,,,,"The $3.7 billion structural request is separately characterized as an equitable minimum, not plaintiff's liquidated damages.",,"The $3.7 billion structural request is separately characterized as an equitable minimum, not plaintiff's liquidated damages.",Requirement completed and verified before commencement or deadline.,,,
FILING,S07,Venue,,,Current identified events and centers support Ramsey County venue; a different county requires an independent statutory basis.,Ready on current facts,E024,A017,,,,,,,High,,Procedure,,,,,Confirm each defendant's business location and cause-of-action situs.,,Confirm each defendant's business location and cause-of-action situs.,Requirement completed and verified before commencement or deadline.,,,
FILING,S08,Commencement and service,,,"Prepare summons and complaint, serve each defendant through a legally valid corporate recipient, and follow Minnesota commencement and filing rules.",Gap,E024,A018; A019,,,,,,,High,,Procedure,,,,,Registered agents and service addresses must be verified immediately before service.,,Registered agents and service addresses must be verified immediately before service.,Requirement completed and verified before commencement or deadline.,,,
FILING,S09,Medical-negligence affidavit,,,Any count requiring expert testimony on professional standard or causation must follow § 145.682's affidavit sequence.,Gap,E024,A020,,,,,,,High,,Procedure,,,,,Track service date and every statutory deadline.,,Track service date and every statutory deadline.,Requirement completed and verified before commencement or deadline.,,,
FILING,S10,Punitive damages,,,Exclude a punitive-damages demand from the initial complaint; preserve facts for a later motion under §§ 549.191 and 549.20.,Ready,E024,A024; A025,,,,,,,High,,Procedure,,,,,No punitive quantum belongs in the initial prayer.,,No punitive quantum belongs in the initial prayer.,Requirement completed and verified before commencement or deadline.,,,
FILING,S11,Non-actionable predicates,,,List regulatory and licensing predicates in the statement of facts and map each to an actionable fraud count; do not label a predicate as a direct damages count unless the law creates one.,Ready as architecture,E024,A010; A011,,,,,,,High,,Procedure,,,,,"Each predicate still requires duty, knowledge, materiality, causation, and injury.",,"Each predicate still requires duty, knowledge, materiality, causation, and injury.",Requirement completed and verified before commencement or deadline.,,,
FILING,S12,Relief quantum,,,State the $3.7 billion structural pool as a conservative requested equitable minimum and support it with a defensible methodology before treating the amount as demonstrated.,Gap,E024,A001; A005; A015; A016,,,,,,,High,,Procedure,,,,,The workbook contains allocation formulas but not a verified Minnesota quantum model.,,The workbook contains allocation formulas but not a verified Minnesota quantum model.,Requirement completed and verified before commencement or deadline.,,,
GAP,G001,All fraud counts,Critical,,Exact transaction chronology is incomplete.,Open,,,,,,,,,,,,,,,,"Payment histories, appointment records, consent dates, and facility records.",,Build one row per visit and link every communication or omission to a bounded period.,"Every challenged transaction has who, what, when, where, how, and Evidence_ID.",,,
GAP,G002,C01 / C02 / C04,Critical,,Exact advertisements and consent language are not in the current record.,Open,,,,,,,,,,,,,,,,"Original screenshots, texts, emails, forms, video scripts, and version metadata.",,Preserve originals and quote only exact language.,Rule 9.02 fields are complete for every communication.,,,
GAP,G003,C04 / C11,Critical,,Duty-to-disclose mapping is incomplete for each omitted predicate.,Open,,,,,,,,,,,,,,,,"Consent relationship, special knowledge, statements rendered misleading, and regulatory duties.",,Assign a recognized duty path to each omission.,No omission row lacks a duty and Authority_ID.,,,
GAP,G004,C05,Critical,,Medical standard and causation evidence are incomplete.,Open,,,,,,,,,,,,,,,,"Expert-review facts, records, literature, and differential causes.",,Build § 145.682 compliance calendar and medical-causation record.,Affidavit requirements and causation facts are satisfied.,,,
GAP,G005,C06,High,,Battery theory lacks facts showing no consent to the essential nature or a substantially different procedure.,Open,,,,,,,,,,,,,,,,Consent scope and exact deviation.,,Limit battery to facts that satisfy Kinikin rather than mere nondisclosure.,Each battery theory identifies the unconsented or substantially different contact.,,,
GAP,G006,C08 / C11 / P01 / P02,Critical,,Medical-practice classification is contested.,Open,,,,,,,,,,,,,,,,"Detailed acts: invasive procedure, screening, anticoagulant or saline administration, laboratory review, physician supervision, and immunization.",,Plead conduct rather than labels and separate pre- and post-2026-08-01 periods.,Each statutory clause is mapped to a supported factual act.,,,
GAP,G007,Relief quantum,Critical,,The $3.7 billion requested floor lacks an auditable Minnesota-specific calculation in the present record.,Open,,,,,,,,,,,,,,,,"Participant counts, transactions, years, restitution measure, program costs, offsets, and sensitivity analysis.",,Create an evidentiary quantum model linked to admissible data.,"Every dollar is traceable to source, formula, legal remedy, and nonduplication rule.",,,
GAP,G008,Group relief,Critical,,Absent-person monetary distribution mechanism is unresolved.,Open,,,,,,,,,,,,,,,,"Rule 23 prerequisites, representative adequacy, class definition, notice, and certification evidence.",,Keep individual standing and public injunction distinct from absent-person monetary relief.,No complaint language asserts unauthorized representation.,,,
GAP,G009,C09,High,,No unauthorized health-record access or disclosure event is identified.,Open,,,,,,,,,,,,,,,,"Access logs, release authorizations, recipients, dates, and damages.",,Do not plead C09 unless a covered event is documented.,Every statutory element and compensatory loss is supported.,,,
GAP,G010,C07 / C10,High,,"Property, transfer, contract, and unjust-gain theories are underdeveloped.",Open,,,,,,,,,,,,,,,,"Consent terms, ownership language, compensation agreement, and downstream accounting.",,Plead in the alternative and avoid duplicative recovery.,"Each theory addresses contract, consent, ownership, and recovery measure.",,,
GAP,G011,All defendants,High,,Correct legal entity and service information requires final verification.,Open,,,,,,,,,,,,,,,,"Secretary of State records, assumed-name filings, registered agents, and FDA identifiers.",,Verify immediately before summons and service.,Caption and service package match current official records.,,,
GAP,G012,Public benefit,High,,Public reach and ongoing conduct need documentary support.,Open,,,,,,,,,,,,,,,,"Campaign reach, standardized forms, participant counts, current offers, and policies.",,Link public evidence to requested injunction.,Public-benefit allegations are factual rather than conclusory.,,,
GAP,G013,Scientific injury theory,High,,Biomarker changes and serious clinical injury must not be conflated.,Open,,,,,,,,,,,,,,,,"Balanced literature, plaintiff records, medical causation, and contrary study.",,State measured changes precisely and identify unresolved clinical significance.,No claim exceeds the cited study findings.,,,
GAP,G014,Provider-specific incidents,High,,"BioLife stops, Octapharma sampling, Grifols deferral, and CSL immunization lack exact records.",Open,,,,,,,,,,,,,,,,"Machine logs, supply records, charts, program files, and witnesses.",,Issue focused preservation and record requests.,"Each incident has date, staff, record, SOP, and clinical significance.",,,
GAP,G015,All counts,Medium,,Statutes and rules may change before filing.,Open,,,,,,,,,,,,,,,,"Current Revisor, eCFR, and controlling opinions.",,Run an authority update on the filing date.,"All authority URLs, effective dates, and controlling cases are current.",,,
